Breed,Category,Weight_kg,Age_months,Milk_L_per_day,BCS,Activity_Level,Health_Status,DMI_kg_per_day,CrudeProtein_pct_DM,TDN_pct_DM,CrudeProtein_kg_per_day,TDN_kg_per_day,Calcium_g_per_day,Phosphorus_g_per_day,Water_L_per_day,Special_Care_Notes
Amritmahal,Draft/Working Bullock,352.5,38,0.0,2.9,Medium,Lumpy Skin Disease,6.77,14.0,65.0,0.95,4.4,23.3,14.8,28.2,"Increase protein and add Vitamin A, D, E and zinc for skin healing and immunity; offer soft palatable feed if appetite is reduced; isolate from herd; ensure fly/vector control."
Amritmahal,Draft/Working Bullock,439.2,118,0.0,2.6,High,Normal,11.38,11.5,72.4,1.31,8.24,26.4,17.6,40.1,Maintain standard balanced ration; ensure clean water and routine mineral mixture.
Amritmahal,Growing/Heifer,194.7,14,0.0,2.3,Medium,Normal,5.47,16.0,68.0,0.88,3.72,11.7,7.8,15.6,Maintain standard balanced ration; ensure clean water and routine mineral mixture.
Amritmahal,Growing/Heifer,252.4,21,0.0,2.0,High,FMD,5.51,17.0,71.0,0.94,3.91,15.9,10.6,25.2,Offer soft/gruel feed (mouth lesions reduce chewing) split into more frequent small meals; add electrolytes and energy-dense concentrate; isolate animal; consult vet for antiviral/supportive care.
Amritmahal,Dairy Lactating,365.5,65,12.5,2.7,Low,Normal,13.98,17.8,71.9,2.49,10.05,65.7,42.1,66.7,Maintain standard balanced ration; ensure clean water and routine mineral mixture.
Amritmahal,Dairy Lactating,376.5,107,6.0,2.9,Low,Ringworm,11.82,17.9,70.9,2.12,8.38,50.1,31.1,48.1,"Add biotin, zinc and Vitamin A/E supplementation for skin and coat health; maintain hygiene of housing; mild protein boost aids skin recovery; topical antifungal treatment as advised by vet."
Amritmahal,Calf,59.7,5,0.0,3.3,Low,Normal,1.7,20.0,72.0,0.34,1.22,3.6,2.4,4.8,Maintain standard balanced ration; ensure clean water and routine mineral mixture.
Amritmahal,Calf,81.8,1,0.0,3.5,Medium,Ringworm,2.33,20.5,72.0,0.48,1.68,5.6,3.6,6.5,"Add biotin, zinc and Vitamin A/E supplementation for skin and coat health; maintain hygiene of housing; mild protein boost aids skin recovery; topical antifungal treatment as advised by vet."
Amritmahal,Dairy Dry,395.3,65,0.0,3.8,Low,Normal,8.26,12.5,60.0,1.03,4.96,23.7,15.8,31.6,Maintain standard balanced ration; ensure clean water and routine mineral mixture.
Amritmahal,Draft/Working Bullock,420.2,58,0.0,3.5,Low,FMD,6.9,12.5,62.7,0.86,4.33,26.5,17.6,33.6,Offer soft/gruel feed (mouth lesions reduce chewing) split into more frequent small meals; add electrolytes and energy-dense concentrate; isolate animal; consult vet for antiviral/supportive care.
Amritmahal,Breeding Bull,400.4,117,0.0,3.4,High,FMD,7.16,14.0,65.0,1.0,4.65,25.2,16.8,37.0,Offer soft/gruel feed (mouth lesions reduce chewing) split into more frequent small meals; add electrolytes and energy-dense concentrate; isolate animal; consult vet for antiviral/supportive care.
Amritmahal,Growing/Heifer,293.8,17,0.0,2.3,Low,Normal,7.84,16.0,68.0,1.25,5.33,17.6,11.8,23.5,Maintain standard balanced ration; ensure clean water and routine mineral mixture.
Amritmahal,Dairy Lactating,371.1,38,12.6,3.8,Medium,FMD,10.74,18.8,74.9,2.02,8.04,69.7,44.7,67.5,Offer soft/gruel feed (mouth lesions reduce chewing) split into more frequent small meals; add electrolytes and energy-dense concentrate; isolate animal; consult vet for antiviral/supportive care.
Amritmahal,Dairy Dry,395.9,112,0.0,2.9,Low,FMD,5.96,13.5,63.0,0.8,3.75,24.9,16.6,31.7,Offer soft/gruel feed (mouth lesions reduce chewing) split into more frequent small meals; add electrolytes and energy-dense concentrate; isolate animal; consult vet for antiviral/supportive care.
Amritmahal,Dairy Lactating,392.8,104,10.5,2.7,High,Normal,16.13,17.6,71.6,2.84,11.55,60.3,38.8,67.9,Maintain standard balanced ration; ensure clean water and routine mineral mixture.
Amritmahal,Dairy Dry,425.6,41,0.0,3.8,Low,Normal,8.9,12.5,60.0,1.11,5.34,25.5,17.0,34.0,Maintain standard balanced ration; ensure clean water and routine mineral mixture.
Amritmahal,Draft/Working Bullock,409.6,78,0.0,3.1,High,Normal,10.62,11.5,72.4,1.22,7.69,24.6,16.4,37.8,Maintain standard balanced ration; ensure clean water and routine mineral mixture.
Amritmahal,Dairy Lactating,436.1,100,6.6,3.4,Medium,Normal,15.06,17.4,71.0,2.62,10.69,49.3,32.0,54.7,Maintain standard balanced ration; ensure clean water and routine mineral mixture.
Amritmahal,Dairy Lactating,384.0,112,8.0,2.3,Low,Lumpy Skin Disease,11.43,21.0,76.2,2.4,8.71,56.1,34.6,54.7,"Increase protein and add Vitamin A, D, E and zinc for skin healing and immunity; offer soft palatable feed if appetite is reduced; isolate from herd; ensure fly/vector control."
Amritmahal,Draft/Working Bullock,447.2,57,0.0,3.6,High,Normal,11.59,11.5,72.4,1.33,8.39,26.8,17.9,40.8,Maintain standard balanced ration; ensure clean water and routine mineral mixture.
Amritmahal,Draft/Working Bullock,434.2,62,0.0,3.3,Medium,Normal,10.42,11.5,63.0,1.2,6.56,26.1,17.4,34.7,Maintain standard balanced ration; ensure clean water and routine mineral mixture.
Amritmahal,Growing/Heifer,323.5,24,0.0,3.4,Medium,Normal,8.41,15.0,65.0,1.26,5.47,19.4,12.9,25.9,Maintain standard balanced ration; ensure clean water and routine mineral mixture.
Amritmahal,Calf,94.5,3,0.0,2.5,Low,Ringworm,2.56,20.5,72.0,0.52,1.84,6.5,4.2,7.6,"Add biotin, zinc and Vitamin A/E supplementation for skin and coat health; maintain hygiene of housing; mild protein boost aids skin recovery; topical antifungal treatment as advised by vet."
Amritmahal,Calf,86.1,1,0.0,3.5,Low,Normal,2.45,20.0,72.0,0.49,1.76,5.2,3.4,6.9,Maintain standard balanced ration; ensure clean water and routine mineral mixture.
Ayrshire,Draft/Working Bullock,592.0,84,0.0,2.7,High,FMD,11.05,12.5,75.9,1.38,8.39,37.3,24.9,52.4,Offer soft/gruel feed (mouth lesions reduce chewing) split into more frequent small meals; add electrolytes and energy-dense concentrate; isolate animal; consult vet for antiviral/supportive care.
Ayrshire,Growing/Heifer,360.9,24,0.0,3.1,Medium,FMD,6.76,16.0,68.0,1.08,4.6,22.7,15.2,28.9,Offer soft/gruel feed (mouth lesions reduce chewing) split into more frequent small meals; add electrolytes and energy-dense concentrate; isolate animal; consult vet for antiviral/supportive care.
Ayrshire,Dairy Lactating,584.9,86,14.1,2.5,Low,Normal,20.69,17.8,72.1,3.68,14.92,84.4,54.4,89.1,Maintain standard balanced ration; ensure clean water and routine mineral mixture.
Ayrshire,Breeding Bull,538.8,53,0.0,4.1,Low,Normal,10.95,12.5,60.0,1.37,6.57,32.3,21.6,43.1,Maintain standard balanced ration; ensure clean water and routine mineral mixture.
Ayrshire,Calf,56.5,3,0.0,3.0,Low,Normal,1.61,20.0,72.0,0.32,1.16,3.4,2.3,4.5,Maintain standard balanced ration; ensure clean water and routine mineral mixture.
Ayrshire,Breeding Bull,582.2,97,0.0,4.2,Low,Normal,11.83,12.5,60.0,1.48,7.1,34.9,23.3,46.6,Maintain standard balanced ration; ensure clean water and routine mineral mixture.
Ayrshire,Dairy Dry,513.5,75,0.0,3.2,Medium,FMD,8.13,13.5,63.0,1.1,5.12,32.4,21.6,41.1,Offer soft/gruel feed (mouth lesions reduce chewing) split into more frequent small meals; add electrolytes and energy-dense concentrate; isolate animal; consult vet for antiviral/supportive care.
Ayrshire,Draft/Working Bullock,459.1,36,0.0,3.6,High,Normal,11.9,11.5,72.4,1.37,8.62,27.5,18.4,41.7,Maintain standard balanced ration; ensure clean water and routine mineral mixture.
Ayrshire,Growing/Heifer,265.9,13,0.0,2.3,Medium,Ringworm,7.09,16.5,68.0,1.17,4.82,18.3,11.7,21.3,"Add biotin, zinc and Vitamin A/E supplementation for skin and coat health; maintain hygiene of housing; mild protein boost aids skin recovery; topical antifungal treatment as advised by vet."
Ayrshire,Calf,115.7,4,0.0,2.1,Medium,Normal,3.75,21.0,75.0,0.79,2.81,6.9,4.6,9.3,Maintain standard balanced ration; ensure clean water and routine mineral mixture.
Ayrshire,Calf,124.2,1,0.0,2.2,Low,Normal,3.82,21.0,75.0,0.8,2.87,7.5,5.0,9.9,Maintain standard balanced ration; ensure clean water and routine mineral mixture.
Ayrshire,Dairy Dry,474.7,37,0.0,2.5,Medium,Ringworm,9.92,13.0,60.0,1.29,5.95,32.8,20.9,38.0,"Add biotin, zinc and Vitamin A/E supplementation for skin and coat health; maintain hygiene of housing; mild protein boost aids skin recovery; topical antifungal treatment as advised by vet."
Ayrshire,Dairy Dry,513.5,66,0.0,3.9,High,FMD,8.78,13.5,63.0,1.19,5.53,32.4,21.6,46.1,Offer soft/gruel feed (mouth lesions reduce chewing) split into more frequent small meals; add electrolytes and energy-dense concentrate; isolate animal; consult vet for antiviral/supportive care.
Ayrshire,Draft/Working Bullock,473.2,86,0.0,2.9,High,FMD,8.83,12.5,75.9,1.1,6.7,29.8,19.9,42.9,Offer soft/gruel feed (mouth lesions reduce chewing) split into more frequent small meals; add electrolytes and energy-dense concentrate; isolate animal; consult vet for antiviral/supportive care.
Ayrshire,Breeding Bull,567.0,31,0.0,3.9,Medium,Ringworm,12.39,13.5,62.0,1.67,7.68,39.1,24.9,45.4,"Add biotin, zinc and Vitamin A/E supplementation for skin and coat health; maintain hygiene of housing; mild protein boost aids skin recovery; topical antifungal treatment as advised by vet."
Ayrshire,Growing/Heifer,339.3,8,0.0,2.3,Medium,FMD,6.86,17.0,71.0,1.17,4.87,21.4,14.3,27.1,Offer soft/gruel feed (mouth lesions reduce chewing) split into more frequent small meals; add electrolytes and energy-dense concentrate; isolate animal; consult vet for antiviral/supportive care.
Ayrshire,Growing/Heifer,232.2,19,0.0,2.4,Medium,FMD,4.69,17.0,71.0,0.8,3.33,14.6,9.8,18.6,Offer soft/gruel feed (mouth lesions reduce chewing) split into more frequent small meals; add electrolytes and energy-dense concentrate; isolate animal; consult vet for antiviral/supportive care.
Ayrshire,Dairy Dry,537.6,114,0.0,3.3,High,Normal,12.77,12.5,60.0,1.6,7.66,32.3,21.5,48.0,Maintain standard balanced ration; ensure clean water and routine mineral mixture.
Ayrshire,Draft/Working Bullock,485.8,64,0.0,3.1,High,Normal,12.59,11.5,72.4,1.45,9.12,29.1,19.4,43.9,Maintain standard balanced ration; ensure clean water and routine mineral mixture.
Ayrshire,Dairy Lactating,451.4,39,12.4,3.1,Low,Normal,16.4,17.7,71.9,2.9,11.79,70.5,45.3,73.3,Maintain standard balanced ration; ensure clean water and routine mineral mixture.
Ayrshire,Breeding Bull,494.5,57,0.0,3.1,Low,Normal,10.8,13.0,62.0,1.4,6.7,29.7,19.8,39.6,Maintain standard balanced ration; ensure clean water and routine mineral mixture.
Ayrshire,Dairy Dry,555.5,99,0.0,3.4,High,FMD,9.5,13.5,63.0,1.28,5.99,35.0,23.3,49.4,Offer soft/gruel feed (mouth lesions reduce chewing) split into more frequent small meals; add electrolytes and energy-dense concentrate; isolate animal; consult vet for antiviral/supportive care.
Ayrshire,Calf,110.8,6,0.0,3.0,Medium,Normal,3.32,20.0,72.0,0.66,2.39,6.6,4.4,8.9,Maintain standard balanced ration; ensure clean water and routine mineral mixture.
Ayrshire,Calf,104.0,1,0.0,2.4,Low,Normal,3.2,21.0,75.0,0.67,2.4,6.2,4.2,8.3,Maintain standard balanced ration; ensure clean water and routine mineral mixture.
Bargur,Draft/Working Bullock,285.3,105,0.0,3.3,Medium,Ringworm,6.5,12.0,63.0,0.78,4.09,19.7,12.6,22.8,"Add biotin, zinc and Vitamin A/E supplementation for skin and coat health; maintain hygiene of housing; mild protein boost aids skin recovery; topical antifungal treatment as advised by vet."
Bargur,Calf,47.6,1,0.0,2.1,Low,Normal,1.47,21.0,75.0,0.31,1.1,2.9,1.9,3.8,Maintain standard balanced ration; ensure clean water and routine mineral mixture.
Bargur,Dairy Lactating,274.1,50,7.1,2.9,Low,Normal,9.84,17.4,71.1,1.71,7.0,41.3,26.6,43.2,Maintain standard balanced ration; ensure clean water and routine mineral mixture.
Bargur,Draft/Working Bullock,214.9,139,0.0,2.6,Medium,FMD,3.71,12.5,66.0,0.46,2.45,13.5,9.0,17.2,Offer soft/gruel feed (mouth lesions reduce chewing) split into more frequent small meals; add electrolytes and energy-dense concentrate; isolate animal; consult vet for antiviral/supportive care.
Bargur,Dairy Dry,204.2,46,0.0,3.0,High,Ringworm,4.61,13.0,60.0,0.6,2.77,14.1,9.0,21.3,"Add biotin, zinc and Vitamin A/E supplementation for skin and coat health; maintain hygiene of housing; mild protein boost aids skin recovery; topical antifungal treatment as advised by vet."
Bargur,Calf,28.2,3,0.0,2.2,Medium,Ringworm,1.0,21.5,75.0,0.21,0.75,1.9,1.2,2.3,"Add biotin, zinc and Vitamin A/E supplementation for skin and coat health; maintain hygiene of housing; mild protein boost aids skin recovery; topical antifungal treatment as advised by vet."
Bargur,Dairy Dry,274.9,109,0.0,3.9,Low,Normal,5.75,12.5,60.0,0.72,3.45,16.5,11.0,22.0,Maintain standard balanced ration; ensure clean water and routine mineral mixture.
Bargur,Growing/Heifer,98.5,20,0.0,2.5,High,Lumpy Skin Disease,2.21,17.5,67.0,0.39,1.48,6.5,4.1,12.9,"Increase protein and add Vitamin A, D, E and zinc for skin healing and immunity; offer soft palatable feed if appetite is reduced; isolate from herd; ensure fly/vector control."
Bargur,Draft/Working Bullock,224.8,127,0.0,2.7,High,Normal,5.83,11.5,72.4,0.67,4.22,13.5,9.0,23.0,Maintain standard balanced ration; ensure clean water and routine mineral mixture.
Bargur,Calf,34.3,4,0.0,2.7,Low,Lumpy Skin Disease,1.0,22.5,74.0,0.23,0.74,2.3,1.4,2.7,"Increase protein and add Vitamin A, D, E and zinc for skin healing and immunity; offer soft palatable feed if appetite is reduced; isolate from herd; ensure fly/vector control."
Bargur,Growing/Heifer,78.8,14,0.0,2.5,High,Ringworm,2.1,15.5,65.0,0.33,1.36,5.4,3.5,11.3,"Add biotin, zinc and Vitamin A/E supplementation for skin and coat health; maintain hygiene of housing; mild protein boost aids skin recovery; topical antifungal treatment as advised by vet."
Bargur,Dairy Lactating,264.1,74,6.1,4.0,Medium,Ringworm,9.27,17.9,70.9,1.66,6.57,42.8,26.4,39.4,"Add biotin, zinc and Vitamin A/E supplementation for skin and coat health; maintain hygiene of housing; mild protein boost aids skin recovery; topical antifungal treatment as advised by vet."
Bargur,Calf,34.3,3,0.0,2.4,Low,Normal,1.06,21.0,75.0,0.22,0.8,2.1,1.4,2.7,Maintain standard balanced ration; ensure clean water and routine mineral mixture.
Bargur,Draft/Working Bullock,231.4,124,0.0,3.4,High,Normal,6.0,11.5,72.4,0.69,4.34,13.9,9.3,23.5,Maintain standard balanced ration; ensure clean water and routine mineral mixture.
Bargur,Breeding Bull,249.4,48,0.0,3.0,High,Normal,6.2,13.0,62.0,0.81,3.84,15.0,10.0,25.0,Maintain standard balanced ration; ensure clean water and routine mineral mixture.
Bargur,Draft/Working Bullock,273.7,118,0.0,2.8,High,Ringworm,6.74,12.0,72.4,0.81,4.88,18.9,12.0,26.9,"Add biotin, zinc and Vitamin A/E supplementation for skin and coat health; maintain hygiene of housing; mild protein boost aids skin recovery; topical antifungal treatment as advised by vet."
Bargur,Dairy Lactating,231.4,109,7.4,3.4,Medium,Normal,9.16,17.4,71.1,1.59,6.51,39.8,25.5,40.7,Maintain standard balanced ration; ensure clean water and routine mineral mixture.
Bargur,Dairy Dry,240.2,71,0.0,2.9,Low,Normal,5.02,12.5,60.0,0.63,3.01,14.4,9.6,19.2,Maintain standard balanced ration; ensure clean water and routine mineral mixture.
Bargur,Dairy Dry,274.8,116,0.0,2.8,Medium,Normal,6.05,12.5,60.0,0.76,3.63,16.5,11.0,22.0,Maintain standard balanced ration; ensure clean water and routine mineral mixture.
Bargur,Calf,32.5,3,0.0,2.9,Medium,Normal,1.0,20.0,72.0,0.2,0.72,2.0,1.3,2.6,Maintain standard balanced ration; ensure clean water and routine mineral mixture.
Bargur,Dairy Dry,221.4,116,0.0,3.2,High,Lumpy Skin Disease,4.21,15.0,62.0,0.63,2.61,14.6,9.3,22.7,"Increase protein and add Vitamin A, D, E and zinc for skin healing and immunity; offer soft palatable feed if appetite is reduced; isolate from herd; ensure fly/vector control."
Bargur,Growing/Heifer,123.5,9,0.0,2.9,Low,Ringworm,2.9,15.5,65.0,0.45,1.89,8.5,5.4,9.9,"Add biotin, zinc and Vitamin A/E supplementation for skin and coat health; maintain hygiene of housing; mild protein boost aids skin recovery; topical antifungal treatment as advised by vet."
Bargur,Growing/Heifer,96.7,16,0.0,2.0,Low,Normal,2.58,16.0,68.0,0.41,1.75,5.8,3.9,7.7,Maintain standard balanced ration; ensure clean water and routine mineral mixture.
Bargur,Calf,38.6,4,0.0,2.3,Medium,Normal,1.25,21.0,75.0,0.26,0.94,2.3,1.5,3.1,Maintain standard balanced ration; ensure clean water and routine mineral mixture.
Brown Swiss cattle,Growing/Heifer,337.3,11,0.0,3.1,Medium,Normal,8.77,15.0,65.0,1.32,5.7,20.2,13.5,27.0,Maintain standard balanced ration; ensure clean water and routine mineral mixture.
Brown Swiss cattle,Dairy Dry,576.4,58,0.0,3.9,Medium,Normal,12.68,12.5,60.0,1.58,7.61,34.6,23.1,46.1,Maintain standard balanced ration; ensure clean water and routine mineral mixture.
Brown Swiss cattle,Growing/Heifer,356.9,10,0.0,3.0,High,FMD,7.22,16.0,68.0,1.16,4.91,22.5,15.0,33.6,Offer soft/gruel feed (mouth lesions reduce chewing) split into more frequent small meals; add electrolytes and energy-dense concentrate; isolate animal; consult vet for antiviral/supportive care.
Brown Swiss cattle,Dairy Dry,672.3,108,0.0,3.8,Medium,Ringworm,14.05,13.0,60.0,1.83,8.43,46.4,29.6,53.8,"Add biotin, zinc and Vitamin A/E supplementation for skin and coat health; maintain hygiene of housing; mild protein boost aids skin recovery; topical antifungal treatment as advised by vet."
Brown Swiss cattle,Dairy Dry,661.5,50,0.0,3.2,Low,Normal,13.83,12.5,60.0,1.73,8.3,39.7,26.5,52.9,Maintain standard balanced ration; ensure clean water and routine mineral mixture.
Brown Swiss cattle,Draft/Working Bullock,664.9,59,0.0,3.3,High,Normal,17.23,11.5,72.4,1.98,12.47,39.9,26.6,58.2,Maintain standard balanced ration; ensure clean water and routine mineral mixture.
Brown Swiss cattle,Calf,88.9,6,0.0,2.5,Low,Normal,2.53,20.0,72.0,0.51,1.82,5.3,3.6,7.1,Maintain standard balanced ration; ensure clean water and routine mineral mixture.
Brown Swiss cattle,Growing/Heifer,411.7,19,0.0,2.1,Medium,Normal,11.56,16.0,68.0,1.85,7.86,24.7,16.5,32.9,Maintain standard balanced ration; ensure clean water and routine mineral mixture.
Brown Swiss cattle,Dairy Dry,581.0,37,0.0,3.1,High,FMD,9.94,13.5,63.0,1.34,6.26,36.6,24.4,51.5,Offer soft/gruel feed (mouth lesions reduce chewing) split into more frequent small meals; add electrolytes and energy-dense concentrate; isolate animal; consult vet for antiviral/supportive care.
Brown Swiss cattle,Draft/Working Bullock,678.5,26,0.0,3.6,Medium,Normal,16.28,11.5,63.0,1.87,10.26,40.7,27.1,54.3,Maintain standard balanced ration; ensure clean water and routine mineral mixture.
Brown Swiss cattle,Dairy Lactating,663.0,68,21.3,3.9,Medium,Lumpy Skin Disease,21.02,20.8,75.2,4.37,15.81,125.8,77.0,116.9,"Increase protein and add Vitamin A, D, E and zinc for skin healing and immunity; offer soft palatable feed if appetite is reduced; isolate from herd; ensure fly/vector control."
Brown Swiss cattle,Breeding Bull,661.7,126,0.0,3.3,Medium,Normal,15.22,13.0,62.0,1.98,9.44,39.7,26.5,52.9,Maintain standard balanced ration; ensure clean water and routine mineral mixture.
Brown Swiss cattle,Dairy Lactating,651.9,115,15.0,2.3,Medium,Normal,25.98,18.9,75.2,4.91,19.54,91.6,59.1,97.2,Maintain standard balanced ration; ensure clean water and routine mineral mixture.
Brown Swiss cattle,Breeding Bull,586.8,92,0.0,3.8,Low,FMD,9.23,14.0,65.0,1.29,6.0,37.0,24.6,46.9,Offer soft/gruel feed (mouth lesions reduce chewing) split into more frequent small meals; add electrolytes and energy-dense concentrate; isolate animal; consult vet for antiviral/supportive care.
Brown Swiss cattle,Growing/Heifer,249.0,21,0.0,2.5,Medium,Normal,6.47,15.0,65.0,0.97,4.21,14.9,10.0,19.9,Maintain standard balanced ration; ensure clean water and routine mineral mixture.
Brown Swiss cattle,Dairy Dry,662.8,65,0.0,3.7,Low,Normal,13.85,12.5,60.0,1.73,8.31,39.8,26.5,53.0,Maintain standard balanced ration; ensure clean water and routine mineral mixture.
Brown Swiss cattle,Calf,118.5,6,0.0,2.5,Medium,Lumpy Skin Disease,2.84,22.5,74.0,0.64,2.1,7.8,5.0,9.5,"Increase protein and add Vitamin A, D, E and zinc for skin healing and immunity; offer soft palatable feed if appetite is reduced; isolate from herd; ensure fly/vector control."
Brown Swiss cattle,Draft/Working Bullock,663.1,29,0.0,3.9,Medium,Normal,15.91,11.5,63.0,1.83,10.02,39.8,26.5,53.0,Maintain standard balanced ration; ensure clean water and routine mineral mixture.
Brown Swiss cattle,Growing/Heifer,260.5,14,0.0,2.8,Low,FMD,4.63,16.0,68.0,0.74,3.15,16.4,10.9,20.8,Offer soft/gruel feed (mouth lesions reduce chewing) split into more frequent small meals; add electrolytes and energy-dense concentrate; isolate animal; consult vet for antiviral/supportive care.
Brown Swiss cattle,Dairy Lactating,640.9,51,22.0,3.4,Medium,Normal,25.83,18.3,73.3,4.73,18.93,115.5,74.0,117.3,Maintain standard balanced ration; ensure clean water and routine mineral mixture.
Brown Swiss cattle,Dairy Lactating,636.8,43,21.4,3.2,High,Normal,27.57,18.3,73.2,5.05,20.18,113.1,72.6,120.1,Maintain standard balanced ration; ensure clean water and routine mineral mixture.
Brown Swiss cattle,Draft/Working Bullock,561.4,49,0.0,3.5,High,Normal,14.55,11.5,72.4,1.67,10.53,33.7,22.5,49.9,Maintain standard balanced ration; ensure clean water and routine mineral mixture.
Brown Swiss cattle,Dairy Lactating,640.1,117,11.2,4.0,Medium,Normal,22.56,17.7,71.7,3.99,16.18,77.6,50.2,84.8,Maintain standard balanced ration; ensure clean water and routine mineral mixture.
Brown Swiss cattle,Dairy Dry,605.6,114,0.0,3.3,Medium,Lumpy Skin Disease,10.66,15.0,62.0,1.6,6.61,40.0,25.4,48.4,"Increase protein and add Vitamin A, D, E and zinc for skin healing and immunity; offer soft palatable feed if appetite is reduced; isolate from herd; ensure fly/vector control."
Dangi,Dairy Dry,293.4,43,0.0,3.0,High,Normal,6.97,12.5,60.0,0.87,4.18,17.6,11.7,28.5,Maintain standard balanced ration; ensure clean water and routine mineral mixture.
Dangi,Growing/Heifer,127.1,20,0.0,3.0,Medium,Ringworm,3.14,15.5,65.0,0.49,2.04,8.8,5.6,10.2,"Add biotin, zinc and Vitamin A/E supplementation for skin and coat health; maintain hygiene of housing; mild protein boost aids skin recovery; topical antifungal treatment as advised by vet."
Dangi,Dairy Dry,293.6,89,0.0,3.6,Low,Ringworm,5.83,13.0,60.0,0.76,3.5,20.3,12.9,23.5,"Add biotin, zinc and Vitamin A/E supplementation for skin and coat health; maintain hygiene of housing; mild protein boost aids skin recovery; topical antifungal treatment as advised by vet."
Dangi,Calf,62.7,3,0.0,2.7,Medium,Normal,1.88,20.0,72.0,0.38,1.35,3.8,2.5,5.0,Maintain standard balanced ration; ensure clean water and routine mineral mixture.
Dangi,Calf,60.9,4,0.0,2.3,Medium,Normal,1.97,21.0,75.0,0.41,1.48,3.7,2.4,4.9,Maintain standard balanced ration; ensure clean water and routine mineral mixture.
Dangi,Breeding Bull,366.2,113,0.0,3.8,Low,Normal,8.0,13.0,62.0,1.04,4.96,22.0,14.6,29.3,Maintain standard balanced ration; ensure clean water and routine mineral mixture.
Dangi,Dairy Dry,305.5,92,0.0,2.9,Medium,Lumpy Skin Disease,5.38,15.0,62.0,0.81,3.34,20.2,12.8,24.4,"Increase protein and add Vitamin A, D, E and zinc for skin healing and immunity; offer soft palatable feed if appetite is reduced; isolate from herd; ensure fly/vector control."
Dangi,Dairy Dry,259.3,32,0.0,2.8,Medium,Normal,5.7,12.5,60.0,0.71,3.42,15.6,10.4,20.7,Maintain standard balanced ration; ensure clean water and routine mineral mixture.
Dangi,Breeding Bull,321.0,71,0.0,3.6,Medium,Normal,7.38,13.0,62.0,0.96,4.58,19.3,12.8,25.7,Maintain standard balanced ration; ensure clean water and routine mineral mixture.
Dangi,Draft/Working Bullock,277.1,82,0.0,2.9,Medium,Normal,6.65,11.5,63.0,0.76,4.19,16.6,11.1,22.2,Maintain standard balanced ration; ensure clean water and routine mineral mixture.
Dangi,Calf,54.1,6,0.0,2.3,Low,Normal,1.67,21.0,75.0,0.35,1.25,3.2,2.2,4.3,Maintain standard balanced ration; ensure clean water and routine mineral mixture.
Dangi,Draft/Working Bullock,347.7,99,0.0,3.3,Medium,Normal,8.34,11.5,63.0,0.96,5.25,20.9,13.9,27.8,Maintain standard balanced ration; ensure clean water and routine mineral mixture.
Dangi,Growing/Heifer,118.2,16,0.0,2.0,Medium,Normal,3.32,16.0,68.0,0.53,2.26,7.1,4.7,9.5,Maintain standard balanced ration; ensure clean water and routine mineral mixture.
Dangi,Calf,46.1,5,0.0,3.0,Medium,Normal,1.38,20.0,72.0,0.28,0.99,2.8,1.8,3.7,Maintain standard balanced ration; ensure clean water and routine mineral mixture.
Dangi,Calf,41.2,5,0.0,2.5,High,Normal,1.33,20.0,72.0,0.27,0.96,2.5,1.6,8.3,Maintain standard balanced ration; ensure clean water and routine mineral mixture.
Dangi,Dairy Dry,332.2,44,0.0,3.1,Low,FMD,5.0,13.5,63.0,0.68,3.15,20.9,14.0,26.6,Offer soft/gruel feed (mouth lesions reduce chewing) split into more frequent small meals; add electrolytes and energy-dense concentrate; isolate animal; consult vet for antiviral/supportive care.
Dangi,Calf,36.6,2,0.0,2.5,High,Normal,1.19,20.0,72.0,0.24,0.86,2.2,1.5,7.9,Maintain standard balanced ration; ensure clean water and routine mineral mixture.
Dangi,Dairy Dry,309.6,107,0.0,3.4,Medium,Normal,6.81,12.5,60.0,0.85,4.09,18.6,12.4,24.8,Maintain standard balanced ration; ensure clean water and routine mineral mixture.
Dangi,Dairy Dry,336.0,68,0.0,4.0,Medium,FMD,5.32,13.5,63.0,0.72,3.35,21.2,14.1,26.9,Offer soft/gruel feed (mouth lesions reduce chewing) split into more frequent small meals; add electrolytes and energy-dense concentrate; isolate animal; consult vet for antiviral/supportive care.
Dangi,Breeding Bull,289.7,118,0.0,3.9,Low,Normal,6.33,13.0,62.0,0.82,3.92,17.4,11.6,23.2,Maintain standard balanced ration; ensure clean water and routine mineral mixture.
Dangi,Growing/Heifer,151.6,12,0.0,2.6,Medium,Normal,3.94,15.0,65.0,0.59,2.56,9.1,6.1,12.1,Maintain standard balanced ration; ensure clean water and routine mineral mixture.
Dangi,Calf,39.4,2,0.0,3.3,Low,Normal,1.12,20.0,72.0,0.22,0.81,2.4,1.6,3.2,Maintain standard balanced ration; ensure clean water and routine mineral mixture.
Dangi,Dairy Lactating,309.0,110,9.6,2.4,Low,Normal,12.47,18.6,74.4,2.32,9.28,52.1,33.5,53.5,Maintain standard balanced ration; ensure clean water and routine mineral mixture.
Dangi,Growing/Heifer,175.0,15,0.0,2.2,Medium,Lumpy Skin Disease,3.93,18.5,70.0,0.73,2.75,11.6,7.4,14.0,"Increase protein and add Vitamin A, D, E and zinc for skin healing and immunity; offer soft palatable feed if appetite is reduced; isolate from herd; ensure fly/vector control."
Deoni,Breeding Bull,421.6,60,0.0,3.5,Medium,Normal,9.7,13.0,62.0,1.26,6.01,25.3,16.9,33.7,Maintain standard balanced ration; ensure clean water and routine mineral mixture.
Deoni,Breeding Bull,429.1,87,0.0,4.3,Medium,FMD,6.61,13.5,63.0,0.89,4.16,27.0,18.0,34.3,Offer soft/gruel feed (mouth lesions reduce chewing) split into more frequent small meals; add electrolytes and energy-dense concentrate; isolate animal; consult vet for antiviral/supportive care.
Deoni,Calf,56.6,1,0.0,3.3,Low,Normal,1.61,20.0,72.0,0.32,1.16,3.4,2.3,4.5,Maintain standard balanced ration; ensure clean water and routine mineral mixture.
Deoni,Draft/Working Bullock,377.0,129,0.0,2.6,High,Normal,9.77,11.5,72.4,1.12,7.07,22.6,15.1,35.2,Maintain standard balanced ration; ensure clean water and routine mineral mixture.
Deoni,Draft/Working Bullock,441.6,80,0.0,2.8,High,FMD,8.24,12.5,75.9,1.03,6.25,27.8,18.5,40.3,Offer soft/gruel feed (mouth lesions reduce chewing) split into more frequent small meals; add electrolytes and energy-dense concentrate; isolate animal; consult vet for antiviral/supportive care.
Deoni,Dairy Dry,397.0,41,0.0,3.1,Medium,Normal,8.73,12.5,60.0,1.09,5.24,23.8,15.9,31.8,Maintain standard balanced ration; ensure clean water and routine mineral mixture.
Deoni,Growing/Heifer,205.6,17,0.0,3.0,Medium,Lumpy Skin Disease,4.28,17.5,67.0,0.75,2.87,13.6,8.6,16.4,"Increase protein and add Vitamin A, D, E and zinc for skin healing and immunity; offer soft palatable feed if appetite is reduced; isolate from herd; ensure fly/vector control."
Deoni,Calf,44.5,4,0.0,2.2,Medium,Ringworm,1.37,21.5,75.0,0.29,1.03,3.1,2.0,3.6,"Add biotin, zinc and Vitamin A/E supplementation for skin and coat health; maintain hygiene of housing; mild protein boost aids skin recovery; topical antifungal treatment as advised by vet."
Deoni,Calf,90.3,6,0.0,2.1,Low,FMD,2.0,22.0,78.0,0.44,1.56,5.7,3.8,7.2,Offer soft/gruel feed (mouth lesions reduce chewing) split into more frequent small meals; add electrolytes and energy-dense concentrate; isolate animal; consult vet for antiviral/supportive care.
Deoni,Dairy Dry,394.2,110,0.0,2.6,Low,Normal,8.24,12.5,60.0,1.03,4.94,23.7,15.8,31.5,Maintain standard balanced ration; ensure clean water and routine mineral mixture.
Deoni,Dairy Lactating,438.1,86,10.8,2.1,Medium,Lumpy Skin Disease,14.15,21.1,76.6,2.99,10.84,70.5,43.3,67.4,"Increase protein and add Vitamin A, D, E and zinc for skin healing and immunity; offer soft palatable feed if appetite is reduced; isolate from herd; ensure fly/vector control."
Deoni,Draft/Working Bullock,381.1,44,0.0,2.5,High,Normal,9.88,11.5,72.4,1.14,7.15,22.9,15.2,35.5,Maintain standard balanced ration; ensure clean water and routine mineral mixture.
Deoni,Calf,96.5,4,0.0,2.2,Medium,Normal,3.13,21.0,75.0,0.66,2.35,5.8,3.9,7.7,Maintain standard balanced ration; ensure clean water and routine mineral mixture.
Deoni,Draft/Working Bullock,391.5,58,0.0,3.2,High,Normal,10.15,11.5,72.4,1.17,7.35,23.5,15.7,36.3,Maintain standard balanced ration; ensure clean water and routine mineral mixture.
Deoni,Growing/Heifer,174.7,19,0.0,3.1,Low,Normal,4.32,15.0,65.0,0.65,2.81,10.5,7.0,14.0,Maintain standard balanced ration; ensure clean water and routine mineral mixture.
Deoni,Dairy Dry,443.4,73,0.0,3.3,High,Normal,10.54,12.5,60.0,1.32,6.32,26.6,17.7,40.5,Maintain standard balanced ration; ensure clean water and routine mineral mixture.
Deoni,Dairy Lactating,408.0,105,11.5,3.7,Medium,Normal,15.69,17.7,71.7,2.78,11.25,64.7,41.6,67.1,Maintain standard balanced ration; ensure clean water and routine mineral mixture.
Deoni,Dairy Lactating,426.3,100,9.6,3.9,High,Ringworm,16.08,18.1,71.4,2.91,11.48,68.1,42.0,67.9,"Add biotin, zinc and Vitamin A/E supplementation for skin and coat health; maintain hygiene of housing; mild protein boost aids skin recovery; topical antifungal treatment as advised by vet."
Deoni,Growing/Heifer,189.6,19,0.0,2.1,Medium,Lumpy Skin Disease,4.26,18.5,70.0,0.79,2.98,12.5,8.0,15.2,"Increase protein and add Vitamin A, D, E and zinc for skin healing and immunity; offer soft palatable feed if appetite is reduced; isolate from herd; ensure fly/vector control."
Deoni,Dairy Dry,448.8,79,0.0,3.7,Medium,Normal,9.87,12.5,60.0,1.23,5.92,26.9,18.0,35.9,Maintain standard balanced ration; ensure clean water and routine mineral mixture.
Deoni,Calf,71.0,2,0.0,3.3,Medium,Normal,2.13,20.0,72.0,0.43,1.53,4.3,2.8,5.7,Maintain standard balanced ration; ensure clean water and routine mineral mixture.
Deoni,Breeding Bull,359.1,82,0.0,4.3,High,Normal,8.3,12.5,60.0,1.04,4.98,21.5,14.4,33.7,Maintain standard balanced ration; ensure clean water and routine mineral mixture.
Deoni,Dairy Lactating,412.3,73,9.5,2.2,Medium,FMD,11.83,19.6,77.4,2.32,9.16,60.9,39.3,61.5,Offer soft/gruel feed (mouth lesions reduce chewing) split into more frequent small meals; add electrolytes and energy-dense concentrate; isolate animal; consult vet for antiviral/supportive care.
Deoni,Breeding Bull,487.3,72,0.0,4.3,Medium,Normal,10.42,12.5,60.0,1.3,6.25,29.2,19.5,39.0,Maintain standard balanced ration; ensure clean water and routine mineral mixture.
Gir,Breeding Bull,424.8,32,0.0,3.4,Low,Normal,9.28,13.0,62.0,1.21,5.75,25.5,17.0,34.0,Maintain standard balanced ration; ensure clean water and routine mineral mixture.
Gir,Calf,77.4,6,0.0,2.2,Low,Normal,2.38,21.0,75.0,0.5,1.78,4.6,3.1,6.2,Maintain standard balanced ration; ensure clean water and routine mineral mixture.
Gir,Dairy Lactating,394.0,37,8.9,2.3,Medium,FMD,11.27,19.5,77.3,2.2,8.71,57.5,37.1,58.2,Offer soft/gruel feed (mouth lesions reduce chewing) split into more frequent small meals; add electrolytes and energy-dense concentrate; isolate animal; consult vet for antiviral/supportive care.
Gir,Growing/Heifer,185.4,12,0.0,2.6,Medium,Normal,4.82,15.0,65.0,0.72,3.13,11.1,7.4,14.8,Maintain standard balanced ration; ensure clean water and routine mineral mixture.
Gir,Breeding Bull,421.7,42,0.0,3.7,Medium,Ringworm,9.21,13.5,62.0,1.24,5.71,29.1,18.6,33.7,"Add biotin, zinc and Vitamin A/E supplementation for skin and coat health; maintain hygiene of housing; mild protein boost aids skin recovery; topical antifungal treatment as advised by vet."
Gir,Dairy Dry,451.6,66,0.0,2.7,Medium,Normal,9.94,12.5,60.0,1.24,5.96,27.1,18.1,36.1,Maintain standard balanced ration; ensure clean water and routine mineral mixture.
Gir,Breeding Bull,474.2,62,0.0,3.4,High,Normal,11.78,13.0,62.0,1.53,7.3,28.5,19.0,42.9,Maintain standard balanced ration; ensure clean water and routine mineral mixture.
Gir,Dairy Dry,366.0,91,0.0,3.1,Medium,Normal,8.05,12.5,60.0,1.01,4.83,22.0,14.6,29.3,Maintain standard balanced ration; ensure clean water and routine mineral mixture.
Gir,Draft/Working Bullock,353.3,61,0.0,3.7,Medium,Normal,8.48,11.5,63.0,0.98,5.34,21.2,14.1,28.3,Maintain standard balanced ration; ensure clean water and routine mineral mixture.
Gir,Draft/Working Bullock,461.7,123,0.0,2.6,High,Normal,11.97,11.5,72.4,1.38,8.67,27.7,18.5,41.9,Maintain standard balanced ration; ensure clean water and routine mineral mixture.
Gir,Dairy Lactating,441.1,59,9.7,3.3,Medium,FMD,11.62,18.6,74.5,2.16,8.66,63.4,40.9,64.4,Offer soft/gruel feed (mouth lesions reduce chewing) split into more frequent small meals; add electrolytes and energy-dense concentrate; isolate animal; consult vet for antiviral/supportive care.
Gir,Draft/Working Bullock,448.9,122,0.0,3.8,High,Ringworm,11.05,12.0,72.4,1.33,8.0,31.0,19.8,40.9,"Add biotin, zinc and Vitamin A/E supplementation for skin and coat health; maintain hygiene of housing; mild protein boost aids skin recovery; topical antifungal treatment as advised by vet."
Gir,Draft/Working Bullock,396.3,29,0.0,3.2,High,Lumpy Skin Disease,8.22,14.0,74.8,1.15,6.15,26.2,16.6,36.7,"Increase protein and add Vitamin A, D, E and zinc for skin healing and immunity; offer soft palatable feed if appetite is reduced; isolate from herd; ensure fly/vector control."
Gir,Calf,59.5,3,0.0,2.3,Medium,Ringworm,1.83,21.5,75.0,0.39,1.37,4.1,2.6,4.8,"Add biotin, zinc and Vitamin A/E supplementation for skin and coat health; maintain hygiene of housing; mild protein boost aids skin recovery; topical antifungal treatment as advised by vet."
Gir,Dairy Lactating,425.3,97,8.7,2.3,High,Ringworm,17.03,19.0,74.3,3.24,12.65,64.4,39.8,65.1,"Add biotin, zinc and Vitamin A/E supplementation for skin and coat health; maintain hygiene of housing; mild protein boost aids skin recovery; topical antifungal treatment as advised by vet."
Gir,Dairy Lactating,470.6,73,11.5,2.2,Medium,Normal,18.97,18.7,74.7,3.55,14.17,68.5,44.1,72.1,Maintain standard balanced ration; ensure clean water and routine mineral mixture.
Gir,Draft/Working Bullock,451.2,116,0.0,3.1,High,FMD,8.42,12.5,75.9,1.05,6.39,28.4,19.0,41.1,Offer soft/gruel feed (mouth lesions reduce chewing) split into more frequent small meals; add electrolytes and energy-dense concentrate; isolate animal; consult vet for antiviral/supportive care.
Gir,Calf,43.1,4,0.0,2.7,Medium,FMD,1.0,21.0,75.0,0.21,0.75,2.7,1.8,3.4,Offer soft/gruel feed (mouth lesions reduce chewing) split into more frequent small meals; add electrolytes and energy-dense concentrate; isolate animal; consult vet for antiviral/supportive care.
Gir,Breeding Bull,540.1,72,0.0,3.2,Low,Normal,11.8,13.0,62.0,1.53,7.32,32.4,21.6,43.2,Maintain standard balanced ration; ensure clean water and routine mineral mixture.
Gir,Breeding Bull,503.5,65,0.0,3.1,High,Ringworm,11.88,13.5,62.0,1.6,7.37,34.7,22.2,45.3,"Add biotin, zinc and Vitamin A/E supplementation for skin and coat health; maintain hygiene of housing; mild protein boost aids skin recovery; topical antifungal treatment as advised by vet."
Gir,Dairy Lactating,411.2,113,7.3,3.9,Medium,Normal,14.53,17.4,71.1,2.53,10.33,50.2,32.5,54.8,Maintain standard balanced ration; ensure clean water and routine mineral mixture.
Gir,Calf,88.0,2,0.0,2.7,Medium,Lumpy Skin Disease,2.11,22.5,74.0,0.47,1.56,5.8,3.7,7.0,"Increase protein and add Vitamin A, D, E and zinc for skin healing and immunity; offer soft palatable feed if appetite is reduced; isolate from herd; ensure fly/vector control."
Gir,Breeding Bull,485.8,77,0.0,4.3,Medium,Lumpy Skin Disease,8.31,15.0,62.0,1.25,5.15,32.1,20.4,38.9,"Increase protein and add Vitamin A, D, E and zinc for skin healing and immunity; offer soft palatable feed if appetite is reduced; isolate from herd; ensure fly/vector control."
Gir,Breeding Bull,511.5,76,0.0,4.0,Low,Normal,11.18,13.0,62.0,1.45,6.93,30.7,20.5,40.9,Maintain standard balanced ration; ensure clean water and routine mineral mixture.
Hallikar,Growing/Heifer,143.6,18,0.0,2.8,High,Normal,4.03,15.0,65.0,0.6,2.62,8.6,5.7,16.5,Maintain standard balanced ration; ensure clean water and routine mineral mixture.
Hallikar,Dairy Dry,319.0,65,0.0,2.7,High,Normal,7.58,12.5,60.0,0.95,4.55,19.1,12.8,30.5,Maintain standard balanced ration; ensure clean water and routine mineral mixture.
Hallikar,Draft/Working Bullock,364.2,51,0.0,3.4,Low,Lumpy Skin Disease,6.64,14.0,61.8,0.93,4.1,24.0,15.3,29.1,"Increase protein and add Vitamin A, D, E and zinc for skin healing and immunity; offer soft palatable feed if appetite is reduced; isolate from herd; ensure fly/vector control."
Hallikar,Growing/Heifer,213.1,11,0.0,3.2,Medium,FMD,3.99,16.0,68.0,0.64,2.71,13.4,9.0,17.0,Offer soft/gruel feed (mouth lesions reduce chewing) split into more frequent small meals; add electrolytes and energy-dense concentrate; isolate animal; consult vet for antiviral/supportive care.
Hallikar,Growing/Heifer,250.0,17,0.0,2.9,Low,Ringworm,5.87,15.5,65.0,0.91,3.82,17.2,11.0,20.0,"Add biotin, zinc and Vitamin A/E supplementation for skin and coat health; maintain hygiene of housing; mild protein boost aids skin recovery; topical antifungal treatment as advised by vet."
Hallikar,Growing/Heifer,142.9,24,0.0,3.0,Low,Normal,3.53,15.0,65.0,0.53,2.29,8.6,5.7,11.4,Maintain standard balanced ration; ensure clean water and routine mineral mixture.
Hallikar,Growing/Heifer,116.3,17,0.0,2.2,Medium,Normal,3.27,16.0,68.0,0.52,2.22,7.0,4.7,9.3,Maintain standard balanced ration; ensure clean water and routine mineral mixture.
Hallikar,Calf,56.1,4,0.0,2.9,Low,Normal,1.6,20.0,72.0,0.32,1.15,3.4,2.2,4.5,Maintain standard balanced ration; ensure clean water and routine mineral mixture.
Hallikar,Breeding Bull,423.5,29,0.0,4.0,Medium,FMD,7.01,14.0,65.0,0.98,4.56,26.7,17.8,33.9,Offer soft/gruel feed (mouth lesions reduce chewing) split into more frequent small meals; add electrolytes and energy-dense concentrate; isolate animal; consult vet for antiviral/supportive care.
Hallikar,Calf,87.4,1,0.0,2.6,Low,Lumpy Skin Disease,1.99,22.5,74.0,0.45,1.47,5.8,3.7,7.0,"Increase protein and add Vitamin A, D, E and zinc for skin healing and immunity; offer soft palatable feed if appetite is reduced; isolate from herd; ensure fly/vector control."
Hallikar,Dairy Dry,389.9,39,0.0,3.0,Low,Normal,8.15,12.5,60.0,1.02,4.89,23.4,15.6,31.2,Maintain standard balanced ration; ensure clean water and routine mineral mixture.
Hallikar,Breeding Bull,396.8,105,0.0,3.6,Medium,Normal,9.13,13.0,62.0,1.19,5.66,23.8,15.9,31.7,Maintain standard balanced ration; ensure clean water and routine mineral mixture.
Hallikar,Breeding Bull,383.8,101,0.0,3.2,Medium,Ringworm,8.39,13.5,62.0,1.13,5.2,26.5,16.9,30.7,"Add biotin, zinc and Vitamin A/E supplementation for skin and coat health; maintain hygiene of housing; mild protein boost aids skin recovery; topical antifungal treatment as advised by vet."
Hallikar,Breeding Bull,411.5,116,0.0,4.3,Medium,Lumpy Skin Disease,7.04,15.0,62.0,1.06,4.36,27.2,17.3,32.9,"Increase protein and add Vitamin A, D, E and zinc for skin healing and immunity; offer soft palatable feed if appetite is reduced; isolate from herd; ensure fly/vector control."
Hallikar,Dairy Dry,373.0,83,0.0,3.0,Medium,Normal,8.21,12.5,60.0,1.03,4.93,22.4,14.9,29.8,Maintain standard balanced ration; ensure clean water and routine mineral mixture.
Hallikar,Growing/Heifer,144.4,22,0.0,2.1,Low,Lumpy Skin Disease,3.08,18.5,70.0,0.57,2.16,9.5,6.1,11.6,"Increase protein and add Vitamin A, D, E and zinc for skin healing and immunity; offer soft palatable feed if appetite is reduced; isolate from herd; ensure fly/vector control."
Hallikar,Growing/Heifer,148.0,24,0.0,2.8,Medium,Normal,3.85,15.0,65.0,0.58,2.5,8.9,5.9,11.8,Maintain standard balanced ration; ensure clean water and routine mineral mixture.
Hallikar,Draft/Working Bullock,342.3,120,0.0,3.9,Low,Normal,7.8,11.5,59.8,0.9,4.66,20.5,13.7,27.4,Maintain standard balanced ration; ensure clean water and routine mineral mixture.
Hallikar,Dairy Lactating,310.4,75,7.8,2.3,Medium,Lumpy Skin Disease,10.07,21.0,76.2,2.11,7.67,50.5,31.1,48.2,"Increase protein and add Vitamin A, D, E and zinc for skin healing and immunity; offer soft palatable feed if appetite is reduced; isolate from herd; ensure fly/vector control."
Hallikar,Dairy Lactating,336.8,101,10.2,3.1,High,Lumpy Skin Disease,11.37,20.1,73.5,2.29,8.36,61.5,37.7,62.5,"Increase protein and add Vitamin A, D, E and zinc for skin healing and immunity; offer soft palatable feed if appetite is reduced; isolate from herd; ensure fly/vector control."
Hallikar,Breeding Bull,398.2,102,0.0,3.9,Medium,FMD,6.59,14.0,65.0,0.92,4.28,25.1,16.7,31.9,Offer soft/gruel feed (mouth lesions reduce chewing) split into more frequent small meals; add electrolytes and energy-dense concentrate; isolate animal; consult vet for antiviral/supportive care.
Hallikar,Calf,51.7,2,0.0,3.4,Low,Normal,1.47,20.0,72.0,0.29,1.06,3.1,2.1,4.1,Maintain standard balanced ration; ensure clean water and routine mineral mixture.
Hallikar,Growing/Heifer,141.3,19,0.0,3.5,Low,Normal,3.49,15.0,65.0,0.52,2.27,8.5,5.7,11.3,Maintain standard balanced ration; ensure clean water and routine mineral mixture.
Hallikar,Dairy Dry,345.4,83,0.0,2.7,Medium,Normal,7.6,12.5,60.0,0.95,4.56,20.7,13.8,27.6,Maintain standard balanced ration; ensure clean water and routine mineral mixture.
Hariana,Breeding Bull,361.3,100,0.0,3.2,Medium,FMD,5.98,14.0,65.0,0.84,3.89,22.8,15.2,28.9,Offer soft/gruel feed (mouth lesions reduce chewing) split into more frequent small meals; add electrolytes and energy-dense concentrate; isolate animal; consult vet for antiviral/supportive care.
Hariana,Dairy Lactating,416.2,86,10.3,2.9,Low,Lumpy Skin Disease,11.84,20.1,73.5,2.38,8.7,67.1,41.3,64.2,"Increase protein and add Vitamin A, D, E and zinc for skin healing and immunity; offer soft palatable feed if appetite is reduced; isolate from herd; ensure fly/vector control."
Hariana,Calf,63.9,3,0.0,3.0,Low,FMD,1.31,21.0,75.0,0.28,0.98,4.0,2.7,5.1,Offer soft/gruel feed (mouth lesions reduce chewing) split into more frequent small meals; add electrolytes and energy-dense concentrate; isolate animal; consult vet for antiviral/supportive care.
Hariana,Calf,65.1,2,0.0,2.0,Low,Normal,2.0,21.0,75.0,0.42,1.5,3.9,2.6,5.2,Maintain standard balanced ration; ensure clean water and routine mineral mixture.
Hariana,Growing/Heifer,168.6,15,0.0,2.7,Medium,Normal,4.38,15.0,65.0,0.66,2.85,10.1,6.7,13.5,Maintain standard balanced ration; ensure clean water and routine mineral mixture.
Hariana,Breeding Bull,404.3,114,0.0,4.0,Medium,Normal,9.3,13.0,62.0,1.21,5.77,24.3,16.2,32.3,Maintain standard balanced ration; ensure clean water and routine mineral mixture.
Hariana,Draft/Working Bullock,393.6,29,0.0,3.2,Low,Normal,8.97,11.5,59.8,1.03,5.36,23.6,15.7,31.5,Maintain standard balanced ration; ensure clean water and routine mineral mixture.
Hariana,Dairy Dry,390.4,103,0.0,3.5,Low,Normal,8.16,12.5,60.0,1.02,4.9,23.4,15.6,31.2,Maintain standard balanced ration; ensure clean water and routine mineral mixture.
Hariana,Dairy Lactating,430.1,51,11.8,3.7,High,Normal,17.76,17.7,71.8,3.14,12.75,67.1,43.2,74.8,Maintain standard balanced ration; ensure clean water and routine mineral mixture.
Hariana,Calf,65.4,2,0.0,2.1,Medium,Lumpy Skin Disease,1.7,23.5,77.0,0.4,1.31,4.3,2.7,5.2,"Increase protein and add Vitamin A, D, E and zinc for skin healing and immunity; offer soft palatable feed if appetite is reduced; isolate from herd; ensure fly/vector control."
Hariana,Growing/Heifer,236.6,17,0.0,2.9,Medium,Normal,6.15,15.0,65.0,0.92,4.0,14.2,9.5,18.9,Maintain standard balanced ration; ensure clean water and routine mineral mixture.
Hariana,Dairy Lactating,422.7,74,13.3,3.6,Low,Normal,15.84,17.8,72.0,2.82,11.4,71.9,46.2,73.7,Maintain standard balanced ration; ensure clean water and routine mineral mixture.
Hariana,Growing/Heifer,251.8,12,0.0,3.0,Low,Lumpy Skin Disease,4.98,17.5,67.0,0.87,3.34,16.6,10.6,20.1,"Increase protein and add Vitamin A, D, E and zinc for skin healing and immunity; offer soft palatable feed if appetite is reduced; isolate from herd; ensure fly/vector control."
Hariana,Dairy Dry,425.4,89,0.0,3.6,Medium,Ringworm,8.89,13.0,60.0,1.16,5.33,29.4,18.7,34.0,"Add biotin, zinc and Vitamin A/E supplementation for skin and coat health; maintain hygiene of housing; mild protein boost aids skin recovery; topical antifungal treatment as advised by vet."
Hariana,Breeding Bull,452.3,106,0.0,4.3,Medium,Normal,9.67,12.5,60.0,1.21,5.8,27.1,18.1,36.2,Maintain standard balanced ration; ensure clean water and routine mineral mixture.
Hariana,Calf,64.8,4,0.0,2.4,Low,Normal,1.99,21.0,75.0,0.42,1.49,3.9,2.6,5.2,Maintain standard balanced ration; ensure clean water and routine mineral mixture.
Hariana,Dairy Lactating,395.2,89,6.4,3.7,Low,Ringworm,12.43,17.9,71.0,2.22,8.83,53.0,32.9,50.8,"Add biotin, zinc and Vitamin A/E supplementation for skin and coat health; maintain hygiene of housing; mild protein boost aids skin recovery; topical antifungal treatment as advised by vet."
Hariana,Calf,74.1,5,0.0,2.9,High,Lumpy Skin Disease,1.92,22.5,74.0,0.43,1.42,4.9,3.1,10.9,"Increase protein and add Vitamin A, D, E and zinc for skin healing and immunity; offer soft palatable feed if appetite is reduced; isolate from herd; ensure fly/vector control."
Hariana,Calf,93.6,4,0.0,2.3,Medium,Normal,3.03,21.0,75.0,0.64,2.27,5.6,3.7,7.5,Maintain standard balanced ration; ensure clean water and routine mineral mixture.
Hariana,Calf,51.8,4,0.0,2.5,Medium,Normal,1.55,20.0,72.0,0.31,1.12,3.1,2.1,4.1,Maintain standard balanced ration; ensure clean water and routine mineral mixture.
Hariana,Growing/Heifer,176.8,8,0.0,2.7,Medium,Normal,4.6,15.0,65.0,0.69,2.99,10.6,7.1,14.1,Maintain standard balanced ration; ensure clean water and routine mineral mixture.
Hariana,Dairy Lactating,388.7,66,11.9,3.4,Low,FMD,10.42,18.7,74.8,1.95,7.79,68.2,43.8,66.8,Offer soft/gruel feed (mouth lesions reduce chewing) split into more frequent small meals; add electrolytes and energy-dense concentrate; isolate animal; consult vet for antiviral/supportive care.
Hariana,Dairy Lactating,383.0,38,10.0,2.8,Low,Ringworm,13.08,18.1,71.5,2.37,9.35,66.7,41.1,60.6,"Add biotin, zinc and Vitamin A/E supplementation for skin and coat health; maintain hygiene of housing; mild protein boost aids skin recovery; topical antifungal treatment as advised by vet."
Hariana,Breeding Bull,416.8,43,0.0,3.2,Medium,Ringworm,9.11,13.5,62.0,1.23,5.65,28.8,18.3,33.3,"Add biotin, zinc and Vitamin A/E supplementation for skin and coat health; maintain hygiene of housing; mild protein boost aids skin recovery; topical antifungal treatment as advised by vet."
Himachali Pahari,Draft/Working Bullock,189.2,108,0.0,3.4,High,Normal,4.9,11.5,72.4,0.56,3.55,11.4,7.6,20.1,Maintain standard balanced ration; ensure clean water and routine mineral mixture.
Himachali Pahari,Dairy Dry,229.2,112,0.0,3.7,Medium,Lumpy Skin Disease,4.03,15.0,62.0,0.6,2.5,15.1,9.6,18.3,"Increase protein and add Vitamin A, D, E and zinc for skin healing and immunity; offer soft palatable feed if appetite is reduced; isolate from herd; ensure fly/vector control."
Himachali Pahari,Draft/Working Bullock,241.2,111,0.0,2.6,High,Normal,6.25,11.5,72.4,0.72,4.53,14.5,9.6,24.3,Maintain standard balanced ration; ensure clean water and routine mineral mixture.
Himachali Pahari,Calf,29.9,3,0.0,2.5,Medium,Normal,1.0,20.0,72.0,0.2,0.72,1.8,1.2,2.4,Maintain standard balanced ration; ensure clean water and routine mineral mixture.
Himachali Pahari,Growing/Heifer,89.3,11,0.0,2.2,Medium,Lumpy Skin Disease,2.01,18.5,70.0,0.37,1.41,5.9,3.8,7.1,"Increase protein and add Vitamin A, D, E and zinc for skin healing and immunity; offer soft palatable feed if appetite is reduced; isolate from herd; ensure fly/vector control."
Himachali Pahari,Breeding Bull,244.6,28,0.0,3.9,Medium,Normal,5.63,13.0,62.0,0.73,3.49,14.7,9.8,19.6,Maintain standard balanced ration; ensure clean water and routine mineral mixture.
Himachali Pahari,Growing/Heifer,98.6,12,0.0,2.5,Medium,Ringworm,2.44,15.5,65.0,0.38,1.59,6.8,4.3,7.9,"Add biotin, zinc and Vitamin A/E supplementation for skin and coat health; maintain hygiene of housing; mild protein boost aids skin recovery; topical antifungal treatment as advised by vet."
Himachali Pahari,Breeding Bull,251.7,60,0.0,3.4,Low,Ringworm,5.22,13.5,62.0,0.7,3.24,17.4,11.1,20.1,"Add biotin, zinc and Vitamin A/E supplementation for skin and coat health; maintain hygiene of housing; mild protein boost aids skin recovery; topical antifungal treatment as advised by vet."
Himachali Pahari,Dairy Dry,186.8,54,0.0,3.9,High,Normal,4.44,12.5,60.0,0.56,2.66,11.2,7.5,19.9,Maintain standard balanced ration; ensure clean water and routine mineral mixture.
Himachali Pahari,Dairy Lactating,200.3,78,4.7,2.3,Low,FMD,5.48,19.3,76.7,1.06,4.2,29.9,19.3,30.1,Offer soft/gruel feed (mouth lesions reduce chewing) split into more frequent small meals; add electrolytes and energy-dense concentrate; isolate animal; consult vet for antiviral/supportive care.
Himachali Pahari,Dairy Lactating,214.1,36,7.0,3.1,Low,Lumpy Skin Disease,6.48,19.9,73.0,1.29,4.73,41.1,25.2,38.1,"Increase protein and add Vitamin A, D, E and zinc for skin healing and immunity; offer soft palatable feed if appetite is reduced; isolate from herd; ensure fly/vector control."
Himachali Pahari,Calf,16.6,3,0.0,2.7,Low,Lumpy Skin Disease,1.0,22.5,74.0,0.23,0.74,1.1,0.7,1.3,"Increase protein and add Vitamin A, D, E and zinc for skin healing and immunity; offer soft palatable feed if appetite is reduced; isolate from herd; ensure fly/vector control."
Himachali Pahari,Calf,41.4,2,0.0,3.4,Low,Normal,1.18,20.0,72.0,0.24,0.85,2.5,1.7,3.3,Maintain standard balanced ration; ensure clean water and routine mineral mixture.
Himachali Pahari,Dairy Lactating,188.6,60,3.1,2.4,Medium,Normal,7.12,18.2,73.5,1.3,5.23,22.2,14.4,24.4,Maintain standard balanced ration; ensure clean water and routine mineral mixture.
Himachali Pahari,Draft/Working Bullock,183.5,107,0.0,2.7,Low,Ringworm,3.97,12.0,59.8,0.48,2.37,12.7,8.1,14.7,"Add biotin, zinc and Vitamin A/E supplementation for skin and coat health; maintain hygiene of housing; mild protein boost aids skin recovery; topical antifungal treatment as advised by vet."
Himachali Pahari,Dairy Dry,233.1,119,0.0,3.6,Medium,FMD,3.69,13.5,63.0,0.5,2.32,14.7,9.8,18.6,Offer soft/gruel feed (mouth lesions reduce chewing) split into more frequent small meals; add electrolytes and energy-dense concentrate; isolate animal; consult vet for antiviral/supportive care.
Himachali Pahari,Calf,27.5,1,0.0,2.8,Medium,Normal,1.0,20.0,72.0,0.2,0.72,1.6,1.1,2.2,Maintain standard balanced ration; ensure clean water and routine mineral mixture.
Himachali Pahari,Calf,19.9,3,0.0,2.4,Medium,FMD,1.0,22.0,78.0,0.22,0.78,1.3,0.8,1.6,Offer soft/gruel feed (mouth lesions reduce chewing) split into more frequent small meals; add electrolytes and energy-dense concentrate; isolate animal; consult vet for antiviral/supportive care.
Himachali Pahari,Calf,38.1,1,0.0,2.8,Medium,FMD,1.0,21.0,75.0,0.21,0.75,2.4,1.6,3.0,Offer soft/gruel feed (mouth lesions reduce chewing) split into more frequent small meals; add electrolytes and energy-dense concentrate; isolate animal; consult vet for antiviral/supportive care.
Himachali Pahari,Draft/Working Bullock,179.1,42,0.0,2.5,Medium,FMD,3.09,12.5,66.0,0.39,2.04,11.3,7.5,14.3,Offer soft/gruel feed (mouth lesions reduce chewing) split into more frequent small meals; add electrolytes and energy-dense concentrate; isolate animal; consult vet for antiviral/supportive care.
Himachali Pahari,Growing/Heifer,104.1,9,0.0,3.4,Medium,Lumpy Skin Disease,2.17,17.5,67.0,0.38,1.45,6.9,4.4,8.3,"Increase protein and add Vitamin A, D, E and zinc for skin healing and immunity; offer soft palatable feed if appetite is reduced; isolate from herd; ensure fly/vector control."
Himachali Pahari,Breeding Bull,171.9,94,0.0,3.1,Medium,Normal,3.95,13.0,62.0,0.51,2.45,10.3,6.9,13.8,Maintain standard balanced ration; ensure clean water and routine mineral mixture.
Himachali Pahari,Draft/Working Bullock,185.7,26,0.0,2.6,Medium,FMD,3.21,12.5,66.0,0.4,2.12,11.7,7.8,14.9,Offer soft/gruel feed (mouth lesions reduce chewing) split into more frequent small meals; add electrolytes and energy-dense concentrate; isolate animal; consult vet for antiviral/supportive care.
Himachali Pahari,Calf,34.0,5,0.0,2.1,Low,Lumpy Skin Disease,1.0,23.5,77.0,0.23,0.77,2.2,1.4,2.7,"Increase protein and add Vitamin A, D, E and zinc for skin healing and immunity; offer soft palatable feed if appetite is reduced; isolate from herd; ensure fly/vector control."
Holstein Friesian cattle,Growing/Heifer,442.2,21,0.0,2.3,Low,Lumpy Skin Disease,9.44,18.5,70.0,1.75,6.61,29.2,18.6,35.4,"Increase protein and add Vitamin A, D, E and zinc for skin healing and immunity; offer soft palatable feed if appetite is reduced; isolate from herd; ensure fly/vector control."
Holstein Friesian cattle,Dairy Dry,558.7,34,0.0,2.6,Low,Normal,11.68,12.5,60.0,1.46,7.01,33.5,22.3,44.7,Maintain standard balanced ration; ensure clean water and routine mineral mixture.
Holstein Friesian cattle,Dairy Lactating,579.6,95,18.1,2.9,Low,FMD,15.61,19.1,75.7,2.98,11.82,103.0,66.2,100.7,Offer soft/gruel feed (mouth lesions reduce chewing) split into more frequent small meals; add electrolytes and energy-dense concentrate; isolate animal; consult vet for antiviral/supportive care.
Holstein Friesian cattle,Dairy Lactating,672.4,75,10.7,3.3,Low,Lumpy Skin Disease,17.77,20.1,73.6,3.57,13.08,85.6,53.0,85.9,"Increase protein and add Vitamin A, D, E and zinc for skin healing and immunity; offer soft palatable feed if appetite is reduced; isolate from herd; ensure fly/vector control."
Holstein Friesian cattle,Dairy Dry,648.7,81,0.0,3.8,Medium,Ringworm,13.56,13.0,60.0,1.76,8.14,44.8,28.5,51.9,"Add biotin, zinc and Vitamin A/E supplementation for skin and coat health; maintain hygiene of housing; mild protein boost aids skin recovery; topical antifungal treatment as advised by vet."
Holstein Friesian cattle,Dairy Dry,599.5,118,0.0,3.9,Medium,Lumpy Skin Disease,10.55,15.0,62.0,1.58,6.54,39.6,25.2,48.0,"Increase protein and add Vitamin A, D, E and zinc for skin healing and immunity; offer soft palatable feed if appetite is reduced; isolate from herd; ensure fly/vector control."
Holstein Friesian cattle,Draft/Working Bullock,515.8,78,0.0,3.4,High,Normal,13.37,11.5,72.4,1.54,9.68,30.9,20.6,46.3,Maintain standard balanced ration; ensure clean water and routine mineral mixture.
Holstein Friesian cattle,Dairy Lactating,516.0,43,14.6,2.6,Medium,Normal,19.86,17.9,72.2,3.55,14.34,82.1,52.8,85.1,Maintain standard balanced ration; ensure clean water and routine mineral mixture.
Holstein Friesian cattle,Draft/Working Bullock,570.3,80,0.0,2.6,High,Normal,14.78,11.5,72.4,1.7,10.7,34.2,22.8,50.6,Maintain standard balanced ration; ensure clean water and routine mineral mixture.
Holstein Friesian cattle,Dairy Dry,627.9,65,0.0,3.7,Low,FMD,9.45,13.5,63.0,1.28,5.95,39.6,26.4,50.2,Offer soft/gruel feed (mouth lesions reduce chewing) split into more frequent small meals; add electrolytes and energy-dense concentrate; isolate animal; consult vet for antiviral/supportive care.
Holstein Friesian cattle,Dairy Dry,602.6,76,0.0,3.6,Low,Normal,12.59,12.5,60.0,1.57,7.55,36.2,24.1,48.2,Maintain standard balanced ration; ensure clean water and routine mineral mixture.
Holstein Friesian cattle,Breeding Bull,659.7,110,0.0,3.1,Medium,Normal,15.17,13.0,62.0,1.97,9.41,39.6,26.4,52.8,Maintain standard balanced ration; ensure clean water and routine mineral mixture.
Holstein Friesian cattle,Dairy Dry,506.5,102,0.0,2.7,Medium,Normal,11.14,12.5,60.0,1.39,6.68,30.4,20.3,40.5,Maintain standard balanced ration; ensure clean water and routine mineral mixture.
Holstein Friesian cattle,Dairy Dry,515.4,127,0.0,2.7,Medium,Normal,11.34,12.5,60.0,1.42,6.8,30.9,20.6,41.2,Maintain standard balanced ration; ensure clean water and routine mineral mixture.
Holstein Friesian cattle,Dairy Lactating,692.1,61,10.7,2.4,Medium,Ringworm,24.6,19.1,74.6,4.7,18.35,90.8,56.3,87.5,"Add biotin, zinc and Vitamin A/E supplementation for skin and coat health; maintain hygiene of housing; mild protein boost aids skin recovery; topical antifungal treatment as advised by vet."
Holstein Friesian cattle,Calf,124.0,3,0.0,2.3,Medium,FMD,2.89,22.0,78.0,0.64,2.25,7.8,5.2,9.9,Offer soft/gruel feed (mouth lesions reduce chewing) split into more frequent small meals; add electrolytes and energy-dense concentrate; isolate animal; consult vet for antiviral/supportive care.
Holstein Friesian cattle,Dairy Dry,524.5,55,0.0,3.8,Medium,Ringworm,10.96,13.0,60.0,1.42,6.58,36.2,23.1,42.0,"Add biotin, zinc and Vitamin A/E supplementation for skin and coat health; maintain hygiene of housing; mild protein boost aids skin recovery; topical antifungal treatment as advised by vet."
Holstein Friesian cattle,Dairy Dry,662.1,41,0.0,4.0,High,FMD,11.33,13.5,63.0,1.53,7.14,41.7,27.8,58.0,Offer soft/gruel feed (mouth lesions reduce chewing) split into more frequent small meals; add electrolytes and energy-dense concentrate; isolate animal; consult vet for antiviral/supportive care.
Holstein Friesian cattle,Draft/Working Bullock,610.0,32,0.0,2.9,Medium,Normal,14.64,11.5,63.0,1.68,9.22,36.6,24.4,48.8,Maintain standard balanced ration; ensure clean water and routine mineral mixture.
Holstein Friesian cattle,Draft/Working Bullock,627.5,113,0.0,3.7,High,Normal,16.26,11.5,72.4,1.87,11.77,37.7,25.1,55.2,Maintain standard balanced ration; ensure clean water and routine mineral mixture.
Holstein Friesian cattle,Growing/Heifer,266.3,11,0.0,2.5,Medium,Normal,6.92,15.0,65.0,1.04,4.5,16.0,10.7,21.3,Maintain standard balanced ration; ensure clean water and routine mineral mixture.
Holstein Friesian cattle,Breeding Bull,630.4,40,0.0,3.5,High,Lumpy Skin Disease,12.53,15.5,64.0,1.94,8.02,41.6,26.5,55.4,"Increase protein and add Vitamin A, D, E and zinc for skin healing and immunity; offer soft palatable feed if appetite is reduced; isolate from herd; ensure fly/vector control."
Holstein Friesian cattle,Breeding Bull,734.6,76,0.0,3.1,High,FMD,13.14,14.0,65.0,1.84,8.54,46.3,30.9,63.8,Offer soft/gruel feed (mouth lesions reduce chewing) split into more frequent small meals; add electrolytes and energy-dense concentrate; isolate animal; consult vet for antiviral/supportive care.
Holstein Friesian cattle,Dairy Dry,636.0,89,0.0,3.0,High,Lumpy Skin Disease,12.09,15.0,62.0,1.81,7.5,42.0,26.7,55.9,"Increase protein and add Vitamin A, D, E and zinc for skin healing and immunity; offer soft palatable feed if appetite is reduced; isolate from herd; ensure fly/vector control."
Jersey cattle,Draft/Working Bullock,327.3,99,0.0,3.9,High,Ringworm,8.06,12.0,72.4,0.97,5.84,22.6,14.4,31.2,"Add biotin, zinc and Vitamin A/E supplementation for skin and coat health; maintain hygiene of housing; mild protein boost aids skin recovery; topical antifungal treatment as advised by vet."
Jersey cattle,Calf,58.9,1,0.0,2.2,Medium,Normal,1.91,21.0,75.0,0.4,1.43,3.5,2.4,4.7,Maintain standard balanced ration; ensure clean water and routine mineral mixture.
Jersey cattle,Breeding Bull,442.9,60,0.0,4.0,Medium,Normal,10.19,13.0,62.0,1.32,6.32,26.6,17.7,35.4,Maintain standard balanced ration; ensure clean water and routine mineral mixture.
Jersey cattle,Dairy Lactating,380.0,108,9.5,2.3,High,Normal,16.62,18.6,74.4,3.09,12.37,56.0,36.1,63.9,Maintain standard balanced ration; ensure clean water and routine mineral mixture.
Jersey cattle,Draft/Working Bullock,408.1,103,0.0,3.4,High,FMD,7.62,12.5,75.9,0.95,5.78,25.7,17.1,37.6,Offer soft/gruel feed (mouth lesions reduce chewing) split into more frequent small meals; add electrolytes and energy-dense concentrate; isolate animal; consult vet for antiviral/supportive care.
Jersey cattle,Calf,39.6,1,0.0,2.9,Medium,Lumpy Skin Disease,1.0,22.5,74.0,0.23,0.74,2.6,1.7,3.2,"Increase protein and add Vitamin A, D, E and zinc for skin healing and immunity; offer soft palatable feed if appetite is reduced; isolate from herd; ensure fly/vector control."
Jersey cattle,Dairy Dry,395.8,109,0.0,3.2,Medium,Normal,8.71,12.5,60.0,1.09,5.23,23.7,15.8,31.7,Maintain standard balanced ration; ensure clean water and routine mineral mixture.
Jersey cattle,Dairy Lactating,336.7,91,10.5,2.8,Medium,FMD,9.54,18.6,74.6,1.77,7.12,59.8,38.4,58.4,Offer soft/gruel feed (mouth lesions reduce chewing) split into more frequent small meals; add electrolytes and energy-dense concentrate; isolate animal; consult vet for antiviral/supportive care.
Jersey cattle,Growing/Heifer,190.8,21,0.0,2.5,Low,Ringworm,4.48,15.5,65.0,0.69,2.91,13.2,8.4,15.3,"Add biotin, zinc and Vitamin A/E supplementation for skin and coat health; maintain hygiene of housing; mild protein boost aids skin recovery; topical antifungal treatment as advised by vet."
Jersey cattle,Dairy Lactating,446.3,74,7.9,2.7,Medium,Normal,15.76,17.5,71.2,2.76,11.22,54.4,35.2,59.4,Maintain standard balanced ration; ensure clean water and routine mineral mixture.
Jersey cattle,Dairy Dry,340.1,45,0.0,2.9,Low,Normal,7.11,12.5,60.0,0.89,4.27,20.4,13.6,27.2,Maintain standard balanced ration; ensure clean water and routine mineral mixture.
Jersey cattle,Dairy Dry,362.7,108,0.0,3.9,High,Lumpy Skin Disease,6.89,15.0,62.0,1.03,4.27,23.9,15.2,34.0,"Increase protein and add Vitamin A, D, E and zinc for skin healing and immunity; offer soft palatable feed if appetite is reduced; isolate from herd; ensure fly/vector control."
Jersey cattle,Breeding Bull,386.6,116,0.0,3.7,Medium,Normal,8.89,13.0,62.0,1.16,5.51,23.2,15.5,30.9,Maintain standard balanced ration; ensure clean water and routine mineral mixture.
Jersey cattle,Dairy Lactating,303.5,93,10.3,3.0,High,Normal,13.17,17.6,71.5,2.32,9.42,54.3,34.8,60.2,Maintain standard balanced ration; ensure clean water and routine mineral mixture.
Jersey cattle,Dairy Lactating,307.6,36,7.7,3.8,Medium,Normal,11.54,17.5,71.2,2.02,8.22,45.4,29.2,47.7,Maintain standard balanced ration; ensure clean water and routine mineral mixture.
Jersey cattle,Breeding Bull,454.7,25,0.0,4.3,Medium,Lumpy Skin Disease,7.78,15.0,62.0,1.17,4.82,30.0,19.1,36.4,"Increase protein and add Vitamin A, D, E and zinc for skin healing and immunity; offer soft palatable feed if appetite is reduced; isolate from herd; ensure fly/vector control."
Jersey cattle,Dairy Lactating,360.1,35,9.5,2.4,Medium,Normal,14.75,18.6,74.4,2.74,10.97,54.9,35.3,57.3,Maintain standard balanced ration; ensure clean water and routine mineral mixture.
Jersey cattle,Breeding Bull,432.1,81,0.0,4.5,Medium,Normal,9.24,12.5,60.0,1.16,5.54,25.9,17.3,34.6,Maintain standard balanced ration; ensure clean water and routine mineral mixture.
Jersey cattle,Calf,58.8,4,0.0,2.8,Low,Normal,1.68,20.0,72.0,0.34,1.21,3.5,2.4,4.7,Maintain standard balanced ration; ensure clean water and routine mineral mixture.
Jersey cattle,Breeding Bull,362.4,89,0.0,3.1,Medium,Lumpy Skin Disease,6.67,15.5,64.0,1.03,4.27,23.9,15.2,29.0,"Increase protein and add Vitamin A, D, E and zinc for skin healing and immunity; offer soft palatable feed if appetite is reduced; isolate from herd; ensure fly/vector control."
Jersey cattle,Breeding Bull,365.5,82,0.0,3.2,High,Normal,9.08,13.0,62.0,1.18,5.63,21.9,14.6,34.2,Maintain standard balanced ration; ensure clean water and routine mineral mixture.
Jersey cattle,Dairy Dry,410.9,108,0.0,2.9,Medium,Lumpy Skin Disease,7.23,15.0,62.0,1.08,4.48,27.1,17.3,32.9,"Increase protein and add Vitamin A, D, E and zinc for skin healing and immunity; offer soft palatable feed if appetite is reduced; isolate from herd; ensure fly/vector control."
Jersey cattle,Breeding Bull,424.6,86,0.0,4.2,Medium,FMD,6.54,13.5,63.0,0.88,4.12,26.7,17.8,34.0,Offer soft/gruel feed (mouth lesions reduce chewing) split into more frequent small meals; add electrolytes and energy-dense concentrate; isolate animal; consult vet for antiviral/supportive care.
Jersey cattle,Dairy Dry,346.2,104,0.0,3.8,High,FMD,5.92,13.5,63.0,0.8,3.73,21.8,14.5,32.7,Offer soft/gruel feed (mouth lesions reduce chewing) split into more frequent small meals; add electrolytes and energy-dense concentrate; isolate animal; consult vet for antiviral/supportive care.
Kangayam,Breeding Bull,413.6,84,0.0,4.5,Medium,Normal,8.85,12.5,60.0,1.11,5.31,24.8,16.5,33.1,Maintain standard balanced ration; ensure clean water and routine mineral mixture.
Kangayam,Calf,69.1,5,0.0,3.1,Medium,Normal,2.07,20.0,72.0,0.41,1.49,4.1,2.8,5.5,Maintain standard balanced ration; ensure clean water and routine mineral mixture.
Kangayam,Draft/Working Bullock,353.2,55,0.0,3.9,Medium,Normal,8.48,11.5,63.0,0.98,5.34,21.2,14.1,28.3,Maintain standard balanced ration; ensure clean water and routine mineral mixture.
Kangayam,Dairy Lactating,365.1,83,10.5,2.8,Medium,Ringworm,13.4,18.1,71.6,2.43,9.59,67.5,41.5,60.7,"Add biotin, zinc and Vitamin A/E supplementation for skin and coat health; maintain hygiene of housing; mild protein boost aids skin recovery; topical antifungal treatment as advised by vet."
Kangayam,Draft/Working Bullock,356.2,117,0.0,2.7,Medium,Normal,8.55,11.5,63.0,0.98,5.39,21.4,14.2,28.5,Maintain standard balanced ration; ensure clean water and routine mineral mixture.
Kangayam,Draft/Working Bullock,402.5,85,0.0,3.0,Medium,Ringworm,9.18,12.0,63.0,1.1,5.78,27.8,17.7,32.2,"Add biotin, zinc and Vitamin A/E supplementation for skin and coat health; maintain hygiene of housing; mild protein boost aids skin recovery; topical antifungal treatment as advised by vet."
Kangayam,Dairy Lactating,385.4,99,11.7,3.4,Medium,FMD,10.85,18.7,74.8,2.03,8.12,67.3,43.2,65.9,Offer soft/gruel feed (mouth lesions reduce chewing) split into more frequent small meals; add electrolytes and energy-dense concentrate; isolate animal; consult vet for antiviral/supportive care.
Kangayam,Breeding Bull,382.9,85,0.0,3.8,Low,Ringworm,7.95,13.5,62.0,1.07,4.93,26.4,16.8,30.6,"Add biotin, zinc and Vitamin A/E supplementation for skin and coat health; maintain hygiene of housing; mild protein boost aids skin recovery; topical antifungal treatment as advised by vet."
Kangayam,Dairy Lactating,420.5,66,12.1,3.0,Medium,FMD,11.7,18.7,74.8,2.19,8.75,71.0,45.6,69.9,Offer soft/gruel feed (mouth lesions reduce chewing) split into more frequent small meals; add electrolytes and energy-dense concentrate; isolate animal; consult vet for antiviral/supportive care.
Kangayam,Draft/Working Bullock,378.8,59,0.0,3.4,High,Ringworm,9.33,12.0,72.4,1.12,6.75,26.1,16.7,35.3,"Add biotin, zinc and Vitamin A/E supplementation for skin and coat health; maintain hygiene of housing; mild protein boost aids skin recovery; topical antifungal treatment as advised by vet."
Kangayam,Dairy Dry,445.5,74,0.0,3.7,Low,Normal,9.31,12.5,60.0,1.16,5.59,26.7,17.8,35.6,Maintain standard balanced ration; ensure clean water and routine mineral mixture.
Kangayam,Draft/Working Bullock,384.6,34,0.0,3.2,Medium,Normal,9.23,11.5,63.0,1.06,5.81,23.1,15.4,30.8,Maintain standard balanced ration; ensure clean water and routine mineral mixture.
Kangayam,Growing/Heifer,186.2,24,0.0,2.4,Low,Lumpy Skin Disease,3.97,18.5,70.0,0.73,2.78,12.3,7.8,14.9,"Increase protein and add Vitamin A, D, E and zinc for skin healing and immunity; offer soft palatable feed if appetite is reduced; isolate from herd; ensure fly/vector control."
Kangayam,Growing/Heifer,163.1,14,0.0,2.3,Low,Normal,4.35,16.0,68.0,0.7,2.96,9.8,6.5,13.0,Maintain standard balanced ration; ensure clean water and routine mineral mixture.
Kangayam,Dairy Lactating,360.1,90,11.0,2.0,Medium,Ringworm,14.47,19.2,74.7,2.78,10.81,69.1,42.5,61.8,"Add biotin, zinc and Vitamin A/E supplementation for skin and coat health; maintain hygiene of housing; mild protein boost aids skin recovery; topical antifungal treatment as advised by vet."
Kangayam,Dairy Dry,443.5,113,0.0,3.8,Medium,Normal,9.76,12.5,60.0,1.22,5.86,26.6,17.7,35.5,Maintain standard balanced ration; ensure clean water and routine mineral mixture.
Kangayam,Dairy Lactating,378.5,71,6.1,3.5,Medium,Normal,13.19,17.4,70.9,2.3,9.35,44.1,28.6,48.6,Maintain standard balanced ration; ensure clean water and routine mineral mixture.
Kangayam,Draft/Working Bullock,435.0,116,0.0,2.6,High,Normal,11.28,11.5,72.4,1.3,8.17,26.1,17.4,39.8,Maintain standard balanced ration; ensure clean water and routine mineral mixture.
Kangayam,Growing/Heifer,291.8,8,0.0,2.7,High,Ringworm,7.78,15.5,65.0,1.21,5.06,20.1,12.8,28.3,"Add biotin, zinc and Vitamin A/E supplementation for skin and coat health; maintain hygiene of housing; mild protein boost aids skin recovery; topical antifungal treatment as advised by vet."
Kangayam,Dairy Lactating,350.9,34,9.2,2.2,High,Normal,15.5,18.6,74.4,2.88,11.53,53.3,34.3,60.7,Maintain standard balanced ration; ensure clean water and routine mineral mixture.
Kangayam,Draft/Working Bullock,402.4,93,0.0,3.8,Medium,Normal,9.66,11.5,63.0,1.11,6.09,24.1,16.1,32.2,Maintain standard balanced ration; ensure clean water and routine mineral mixture.
Kangayam,Dairy Lactating,430.9,54,9.3,3.5,Medium,Lumpy Skin Disease,12.57,20.1,73.4,2.53,9.23,64.2,39.6,62.4,"Increase protein and add Vitamin A, D, E and zinc for skin healing and immunity; offer soft palatable feed if appetite is reduced; isolate from herd; ensure fly/vector control."
Kangayam,Calf,58.8,6,0.0,3.0,Low,FMD,1.21,21.0,75.0,0.25,0.91,3.7,2.5,4.7,Offer soft/gruel feed (mouth lesions reduce chewing) split into more frequent small meals; add electrolytes and energy-dense concentrate; isolate animal; consult vet for antiviral/supportive care.
Kangayam,Draft/Working Bullock,390.5,138,0.0,3.1,Medium,Normal,9.37,11.5,63.0,1.08,5.9,23.4,15.6,31.2,Maintain standard balanced ration; ensure clean water and routine mineral mixture.
Kankrej,Calf,110.6,2,0.0,3.4,Low,Normal,3.15,20.0,72.0,0.63,2.27,6.6,4.4,8.8,Maintain standard balanced ration; ensure clean water and routine mineral mixture.
Kankrej,Dairy Dry,440.0,126,0.0,3.0,Medium,FMD,6.97,13.5,63.0,0.94,4.39,27.7,18.5,35.2,Offer soft/gruel feed (mouth lesions reduce chewing) split into more frequent small meals; add electrolytes and energy-dense concentrate; isolate animal; consult vet for antiviral/supportive care.
Kankrej,Dairy Lactating,453.9,113,9.0,3.3,Medium,Normal,16.32,17.5,71.3,2.86,11.64,58.7,38.0,63.3,Maintain standard balanced ration; ensure clean water and routine mineral mixture.
Kankrej,Draft/Working Bullock,538.5,88,0.0,3.8,High,FMD,10.05,12.5,75.9,1.26,7.63,33.9,22.6,48.1,Offer soft/gruel feed (mouth lesions reduce chewing) split into more frequent small meals; add electrolytes and energy-dense concentrate; isolate animal; consult vet for antiviral/supportive care.
Kankrej,Draft/Working Bullock,455.1,61,0.0,2.8,High,Normal,11.8,11.5,72.4,1.36,8.54,27.3,18.2,41.4,Maintain standard balanced ration; ensure clean water and routine mineral mixture.
Kankrej,Dairy Dry,548.3,125,0.0,3.1,Medium,Ringworm,11.46,13.0,60.0,1.49,6.88,37.8,24.1,43.9,"Add biotin, zinc and Vitamin A/E supplementation for skin and coat health; maintain hygiene of housing; mild protein boost aids skin recovery; topical antifungal treatment as advised by vet."
Kankrej,Breeding Bull,516.0,126,0.0,3.4,Medium,Ringworm,11.27,13.5,62.0,1.52,6.99,35.6,22.7,41.3,"Add biotin, zinc and Vitamin A/E supplementation for skin and coat health; maintain hygiene of housing; mild protein boost aids skin recovery; topical antifungal treatment as advised by vet."
Kankrej,Calf,78.6,5,0.0,2.1,Low,Normal,2.42,21.0,75.0,0.51,1.81,4.7,3.1,6.3,Maintain standard balanced ration; ensure clean water and routine mineral mixture.
Kankrej,Breeding Bull,465.0,88,0.0,3.2,High,Normal,11.55,13.0,62.0,1.5,7.16,27.9,18.6,42.2,Maintain standard balanced ration; ensure clean water and routine mineral mixture.
Kankrej,Draft/Working Bullock,507.5,50,0.0,3.2,High,Normal,13.15,11.5,72.4,1.51,9.52,30.5,20.3,45.6,Maintain standard balanced ration; ensure clean water and routine mineral mixture.
Kankrej,Calf,55.6,4,0.0,2.8,Low,FMD,1.14,21.0,75.0,0.24,0.85,3.5,2.3,4.4,Offer soft/gruel feed (mouth lesions reduce chewing) split into more frequent small meals; add electrolytes and energy-dense concentrate; isolate animal; consult vet for antiviral/supportive care.
Kankrej,Dairy Lactating,459.4,32,14.4,3.5,Medium,Normal,18.1,17.9,72.2,3.24,13.07,78.0,50.1,80.0,Maintain standard balanced ration; ensure clean water and routine mineral mixture.
Kankrej,Dairy Lactating,409.6,119,14.3,3.9,Low,Ringworm,14.96,18.4,72.1,2.75,10.79,85.8,52.6,75.7,"Add biotin, zinc and Vitamin A/E supplementation for skin and coat health; maintain hygiene of housing; mild protein boost aids skin recovery; topical antifungal treatment as advised by vet."
Kankrej,Calf,76.9,3,0.0,3.1,High,FMD,1.79,21.0,75.0,0.38,1.34,4.8,3.2,11.2,Offer soft/gruel feed (mouth lesions reduce chewing) split into more frequent small meals; add electrolytes and energy-dense concentrate; isolate animal; consult vet for antiviral/supportive care.
Kankrej,Dairy Dry,548.9,77,0.0,3.1,High,Ringworm,12.39,13.0,60.0,1.61,7.43,37.9,24.2,48.9,"Add biotin, zinc and Vitamin A/E supplementation for skin and coat health; maintain hygiene of housing; mild protein boost aids skin recovery; topical antifungal treatment as advised by vet."
Kankrej,Dairy Dry,502.4,40,0.0,3.5,Medium,FMD,7.96,13.5,63.0,1.07,5.01,31.7,21.1,40.2,Offer soft/gruel feed (mouth lesions reduce chewing) split into more frequent small meals; add electrolytes and energy-dense concentrate; isolate animal; consult vet for antiviral/supportive care.
Kankrej,Dairy Lactating,426.8,45,11.0,3.1,Medium,Normal,16.1,17.7,71.7,2.85,11.54,64.1,41.3,67.1,Maintain standard balanced ration; ensure clean water and routine mineral mixture.
Kankrej,Calf,110.3,1,0.0,3.1,Low,Normal,3.14,20.0,72.0,0.63,2.26,6.6,4.4,8.8,Maintain standard balanced ration; ensure clean water and routine mineral mixture.
Kankrej,Growing/Heifer,226.1,14,0.0,2.3,High,Lumpy Skin Disease,5.49,18.5,70.0,1.02,3.84,14.9,9.5,23.1,"Increase protein and add Vitamin A, D, E and zinc for skin healing and immunity; offer soft palatable feed if appetite is reduced; isolate from herd; ensure fly/vector control."
Kankrej,Calf,77.5,6,0.0,3.3,Low,Normal,2.21,20.0,72.0,0.44,1.59,4.7,3.1,6.2,Maintain standard balanced ration; ensure clean water and routine mineral mixture.
Kankrej,Calf,51.1,5,0.0,3.1,Low,Lumpy Skin Disease,1.17,22.5,74.0,0.26,0.87,3.4,2.1,4.1,"Increase protein and add Vitamin A, D, E and zinc for skin healing and immunity; offer soft palatable feed if appetite is reduced; isolate from herd; ensure fly/vector control."
Kankrej,Dairy Dry,435.2,86,0.0,2.8,High,Normal,10.34,12.5,60.0,1.29,6.2,26.1,17.4,39.8,Maintain standard balanced ration; ensure clean water and routine mineral mixture.
Kankrej,Breeding Bull,494.9,61,0.0,3.9,Medium,Lumpy Skin Disease,9.11,15.5,64.0,1.41,5.83,32.7,20.8,39.6,"Increase protein and add Vitamin A, D, E and zinc for skin healing and immunity; offer soft palatable feed if appetite is reduced; isolate from herd; ensure fly/vector control."
Kankrej,Dairy Lactating,445.3,60,8.0,3.3,Low,Normal,14.97,17.5,71.2,2.62,10.66,54.7,35.4,59.6,Maintain standard balanced ration; ensure clean water and routine mineral mixture.
Kenkatha,Calf,58.1,5,0.0,3.4,Medium,Normal,1.74,20.0,72.0,0.35,1.25,3.5,2.3,4.6,Maintain standard balanced ration; ensure clean water and routine mineral mixture.
Kenkatha,Dairy Dry,297.2,36,0.0,3.9,Medium,Lumpy Skin Disease,5.23,15.0,62.0,0.78,3.24,19.6,12.5,23.8,"Increase protein and add Vitamin A, D, E and zinc for skin healing and immunity; offer soft palatable feed if appetite is reduced; isolate from herd; ensure fly/vector control."
Kenkatha,Dairy Lactating,241.6,119,4.3,2.8,Medium,Normal,8.54,17.3,70.6,1.48,6.03,29.5,19.1,32.2,Maintain standard balanced ration; ensure clean water and routine mineral mixture.
Kenkatha,Growing/Heifer,148.6,16,0.0,2.7,Low,Normal,3.67,15.0,65.0,0.55,2.39,8.9,5.9,11.9,Maintain standard balanced ration; ensure clean water and routine mineral mixture.
Kenkatha,Dairy Dry,253.0,101,0.0,3.1,Low,Normal,5.29,12.5,60.0,0.66,3.17,15.2,10.1,20.2,Maintain standard balanced ration; ensure clean water and routine mineral mixture.
Kenkatha,Calf,47.0,4,0.0,3.1,Low,Normal,1.34,20.0,72.0,0.27,0.96,2.8,1.9,3.8,Maintain standard balanced ration; ensure clean water and routine mineral mixture.
Kenkatha,Draft/Working Bullock,260.3,101,0.0,3.8,Medium,Lumpy Skin Disease,5.0,14.0,65.0,0.7,3.25,17.2,10.9,20.8,"Increase protein and add Vitamin A, D, E and zinc for skin healing and immunity; offer soft palatable feed if appetite is reduced; isolate from herd; ensure fly/vector control."
Kenkatha,Draft/Working Bullock,255.9,109,0.0,3.2,High,Normal,6.63,11.5,72.4,0.76,4.8,15.4,10.2,25.5,Maintain standard balanced ration; ensure clean water and routine mineral mixture.
Kenkatha,Calf,58.6,2,0.0,2.2,High,Normal,2.05,21.0,75.0,0.43,1.54,3.5,2.3,9.7,Maintain standard balanced ration; ensure clean water and routine mineral mixture.
Kenkatha,Growing/Heifer,113.9,13,0.0,2.5,Low,Normal,2.81,15.0,65.0,0.42,1.83,6.8,4.6,9.1,Maintain standard balanced ration; ensure clean water and routine mineral mixture.
Kenkatha,Draft/Working Bullock,230.8,69,0.0,3.0,High,Normal,5.98,11.5,72.4,0.69,4.33,13.8,9.2,23.5,Maintain standard balanced ration; ensure clean water and routine mineral mixture.
Kenkatha,Draft/Working Bullock,276.2,84,0.0,3.0,Medium,Normal,6.63,11.5,63.0,0.76,4.18,16.6,11.0,22.1,Maintain standard balanced ration; ensure clean water and routine mineral mixture.
Kenkatha,Calf,54.1,5,0.0,2.0,Low,FMD,1.2,22.0,78.0,0.26,0.94,3.4,2.3,4.3,Offer soft/gruel feed (mouth lesions reduce chewing) split into more frequent small meals; add electrolytes and energy-dense concentrate; isolate animal; consult vet for antiviral/supportive care.
Kenkatha,Draft/Working Bullock,229.5,77,0.0,2.8,Medium,FMD,3.97,12.5,66.0,0.5,2.62,14.5,9.6,18.4,Offer soft/gruel feed (mouth lesions reduce chewing) split into more frequent small meals; add electrolytes and energy-dense concentrate; isolate animal; consult vet for antiviral/supportive care.
Kenkatha,Growing/Heifer,167.9,22,0.0,2.5,Medium,Normal,4.37,15.0,65.0,0.66,2.84,10.1,6.7,13.4,Maintain standard balanced ration; ensure clean water and routine mineral mixture.
Kenkatha,Draft/Working Bullock,274.0,106,0.0,3.2,High,Normal,7.1,11.5,72.4,0.82,5.14,16.4,11.0,26.9,Maintain standard balanced ration; ensure clean water and routine mineral mixture.
Kenkatha,Growing/Heifer,159.1,24,0.0,2.8,Medium,Normal,4.14,15.0,65.0,0.62,2.69,9.5,6.4,12.7,Maintain standard balanced ration; ensure clean water and routine mineral mixture.
Kenkatha,Calf,55.9,1,0.0,3.1,Low,Lumpy Skin Disease,1.27,22.5,74.0,0.29,0.94,3.7,2.3,4.5,"Increase protein and add Vitamin A, D, E and zinc for skin healing and immunity; offer soft palatable feed if appetite is reduced; isolate from herd; ensure fly/vector control."
Kenkatha,Growing/Heifer,127.2,9,0.0,2.8,Medium,FMD,2.38,16.0,68.0,0.38,1.62,8.0,5.3,10.2,Offer soft/gruel feed (mouth lesions reduce chewing) split into more frequent small meals; add electrolytes and energy-dense concentrate; isolate animal; consult vet for antiviral/supportive care.
Kenkatha,Draft/Working Bullock,291.3,102,0.0,3.5,Low,Normal,6.64,11.5,59.8,0.76,3.97,17.5,11.7,23.3,Maintain standard balanced ration; ensure clean water and routine mineral mixture.
Kenkatha,Dairy Dry,201.7,31,0.0,3.6,Medium,Normal,4.44,12.5,60.0,0.56,2.66,12.1,8.1,16.1,Maintain standard balanced ration; ensure clean water and routine mineral mixture.
Kenkatha,Breeding Bull,287.2,128,0.0,4.4,Low,Ringworm,5.54,13.0,60.0,0.72,3.32,19.8,12.6,23.0,"Add biotin, zinc and Vitamin A/E supplementation for skin and coat health; maintain hygiene of housing; mild protein boost aids skin recovery; topical antifungal treatment as advised by vet."
Kenkatha,Breeding Bull,244.9,43,0.0,3.4,Medium,Lumpy Skin Disease,4.51,15.5,64.0,0.7,2.89,16.2,10.3,19.6,"Increase protein and add Vitamin A, D, E and zinc for skin healing and immunity; offer soft palatable feed if appetite is reduced; isolate from herd; ensure fly/vector control."
Kenkatha,Calf,54.3,3,0.0,2.4,Medium,Normal,1.76,21.0,75.0,0.37,1.32,3.3,2.2,4.3,Maintain standard balanced ration; ensure clean water and routine mineral mixture.
Khariar,Calf,71.2,6,0.0,2.0,Low,Normal,2.19,21.0,75.0,0.46,1.64,4.3,2.8,5.7,Maintain standard balanced ration; ensure clean water and routine mineral mixture.
Khariar,Dairy Dry,313.7,37,0.0,3.6,Low,Lumpy Skin Disease,5.25,15.0,62.0,0.79,3.25,20.7,13.2,25.1,"Increase protein and add Vitamin A, D, E and zinc for skin healing and immunity; offer soft palatable feed if appetite is reduced; isolate from herd; ensure fly/vector control."
Khariar,Draft/Working Bullock,283.1,124,0.0,4.0,High,Ringworm,6.97,12.0,72.4,0.84,5.05,19.5,12.5,27.6,"Add biotin, zinc and Vitamin A/E supplementation for skin and coat health; maintain hygiene of housing; mild protein boost aids skin recovery; topical antifungal treatment as advised by vet."
Khariar,Calf,42.1,2,0.0,3.3,Low,Normal,1.2,20.0,72.0,0.24,0.86,2.5,1.7,3.4,Maintain standard balanced ration; ensure clean water and routine mineral mixture.
Khariar,Calf,71.0,6,0.0,2.8,Low,Ringworm,1.92,20.5,72.0,0.39,1.38,4.9,3.1,5.7,"Add biotin, zinc and Vitamin A/E supplementation for skin and coat health; maintain hygiene of housing; mild protein boost aids skin recovery; topical antifungal treatment as advised by vet."
Khariar,Dairy Lactating,346.1,32,9.3,3.5,Medium,Normal,13.17,17.6,71.4,2.32,9.4,53.3,34.3,55.6,Maintain standard balanced ration; ensure clean water and routine mineral mixture.
Khariar,Calf,33.9,3,0.0,3.3,Low,Ringworm,1.0,20.5,72.0,0.2,0.72,2.3,1.5,2.7,"Add biotin, zinc and Vitamin A/E supplementation for skin and coat health; maintain hygiene of housing; mild protein boost aids skin recovery; topical antifungal treatment as advised by vet."
Khariar,Dairy Lactating,325.6,79,5.8,4.0,Medium,Normal,11.51,17.3,70.9,1.99,8.16,39.8,25.8,43.4,Maintain standard balanced ration; ensure clean water and routine mineral mixture.
Khariar,Dairy Lactating,259.8,36,5.1,2.2,Medium,FMD,7.25,19.3,76.8,1.4,5.57,35.1,22.7,36.1,Offer soft/gruel feed (mouth lesions reduce chewing) split into more frequent small meals; add electrolytes and energy-dense concentrate; isolate animal; consult vet for antiviral/supportive care.
Khariar,Breeding Bull,363.9,74,0.0,4.0,Medium,Normal,8.37,13.0,62.0,1.09,5.19,21.8,14.6,29.1,Maintain standard balanced ration; ensure clean water and routine mineral mixture.
Khariar,Growing/Heifer,164.2,18,0.0,2.3,Medium,Normal,4.61,16.0,68.0,0.74,3.13,9.9,6.6,13.1,Maintain standard balanced ration; ensure clean water and routine mineral mixture.
Khariar,Breeding Bull,365.1,61,0.0,3.1,Low,Lumpy Skin Disease,6.38,15.5,64.0,0.99,4.08,24.1,15.3,29.2,"Increase protein and add Vitamin A, D, E and zinc for skin healing and immunity; offer soft palatable feed if appetite is reduced; isolate from herd; ensure fly/vector control."
Khariar,Draft/Working Bullock,324.0,43,0.0,3.0,Medium,Normal,7.78,11.5,63.0,0.89,4.9,19.4,13.0,25.9,Maintain standard balanced ration; ensure clean water and routine mineral mixture.
Khariar,Dairy Lactating,286.0,86,5.8,2.3,Low,Normal,10.59,18.3,73.9,1.94,7.83,37.5,24.2,40.3,Maintain standard balanced ration; ensure clean water and routine mineral mixture.
Khariar,Breeding Bull,291.9,89,0.0,3.5,Low,FMD,4.59,14.0,65.0,0.64,2.98,18.4,12.3,23.4,Offer soft/gruel feed (mouth lesions reduce chewing) split into more frequent small meals; add electrolytes and energy-dense concentrate; isolate animal; consult vet for antiviral/supportive care.
Khariar,Dairy Lactating,251.2,79,5.8,3.6,Medium,FMD,6.68,18.3,73.9,1.22,4.94,37.1,23.9,37.5,Offer soft/gruel feed (mouth lesions reduce chewing) split into more frequent small meals; add electrolytes and energy-dense concentrate; isolate animal; consult vet for antiviral/supportive care.
Khariar,Growing/Heifer,120.4,23,0.0,2.2,Medium,Normal,3.38,16.0,68.0,0.54,2.3,7.2,4.8,9.6,Maintain standard balanced ration; ensure clean water and routine mineral mixture.
Khariar,Calf,46.6,2,0.0,2.7,Low,Normal,1.33,20.0,72.0,0.27,0.96,2.8,1.9,3.7,Maintain standard balanced ration; ensure clean water and routine mineral mixture.
Khariar,Growing/Heifer,158.4,22,0.0,2.2,Medium,Ringworm,4.23,16.5,68.0,0.7,2.88,10.9,7.0,12.7,"Add biotin, zinc and Vitamin A/E supplementation for skin and coat health; maintain hygiene of housing; mild protein boost aids skin recovery; topical antifungal treatment as advised by vet."
Khariar,Dairy Lactating,288.0,109,9.3,2.9,Medium,Lumpy Skin Disease,9.14,20.1,73.4,1.84,6.71,54.8,33.6,50.9,"Increase protein and add Vitamin A, D, E and zinc for skin healing and immunity; offer soft palatable feed if appetite is reduced; isolate from herd; ensure fly/vector control."
Khariar,Draft/Working Bullock,263.6,100,0.0,3.0,High,Normal,6.83,11.5,72.4,0.79,4.94,15.8,10.5,26.1,Maintain standard balanced ration; ensure clean water and routine mineral mixture.
Khariar,Dairy Lactating,346.5,52,11.9,2.6,Medium,Normal,13.96,17.7,71.8,2.47,10.02,62.4,40.0,63.4,Maintain standard balanced ration; ensure clean water and routine mineral mixture.
Khariar,Breeding Bull,289.7,124,0.0,4.2,Medium,Normal,6.2,12.5,60.0,0.78,3.72,17.4,11.6,23.2,Maintain standard balanced ration; ensure clean water and routine mineral mixture.
Khariar,Breeding Bull,334.5,49,0.0,4.0,Medium,Ringworm,7.31,13.5,62.0,0.99,4.53,23.1,14.7,26.8,"Add biotin, zinc and Vitamin A/E supplementation for skin and coat health; maintain hygiene of housing; mild protein boost aids skin recovery; topical antifungal treatment as advised by vet."
Khillari,Dairy Dry,321.0,120,0.0,3.7,High,Normal,7.63,12.5,60.0,0.95,4.58,19.3,12.8,30.7,Maintain standard balanced ration; ensure clean water and routine mineral mixture.
Khillari,Dairy Dry,349.9,116,0.0,3.5,Low,FMD,5.27,13.5,63.0,0.71,3.32,22.0,14.7,28.0,Offer soft/gruel feed (mouth lesions reduce chewing) split into more frequent small meals; add electrolytes and energy-dense concentrate; isolate animal; consult vet for antiviral/supportive care.
Khillari,Draft/Working Bullock,378.9,78,0.0,2.6,High,Normal,9.82,11.5,72.4,1.13,7.11,22.7,15.2,35.3,Maintain standard balanced ration; ensure clean water and routine mineral mixture.
Khillari,Dairy Dry,350.7,98,0.0,3.9,Medium,Normal,7.72,12.5,60.0,0.96,4.63,21.0,14.0,28.1,Maintain standard balanced ration; ensure clean water and routine mineral mixture.
Khillari,Dairy Lactating,389.6,119,10.0,3.3,Low,Lumpy Skin Disease,11.16,20.1,73.5,2.24,8.2,64.2,39.5,61.2,"Increase protein and add Vitamin A, D, E and zinc for skin healing and immunity; offer soft palatable feed if appetite is reduced; isolate from herd; ensure fly/vector control."
Khillari,Draft/Working Bullock,335.5,109,0.0,3.5,Low,Ringworm,7.27,12.0,59.8,0.87,4.35,23.1,14.8,26.8,"Add biotin, zinc and Vitamin A/E supplementation for skin and coat health; maintain hygiene of housing; mild protein boost aids skin recovery; topical antifungal treatment as advised by vet."
Khillari,Draft/Working Bullock,340.0,106,0.0,3.6,High,Normal,8.81,11.5,72.4,1.01,6.38,20.4,13.6,32.2,Maintain standard balanced ration; ensure clean water and routine mineral mixture.
Khillari,Calf,48.5,1,0.0,2.8,Low,FMD,1.0,21.0,75.0,0.21,0.75,3.1,2.0,3.9,Offer soft/gruel feed (mouth lesions reduce chewing) split into more frequent small meals; add electrolytes and energy-dense concentrate; isolate animal; consult vet for antiviral/supportive care.
Khillari,Dairy Dry,339.1,77,0.0,3.7,Medium,Normal,7.46,12.5,60.0,0.93,4.48,20.3,13.6,27.1,Maintain standard balanced ration; ensure clean water and routine mineral mixture.
Khillari,Dairy Lactating,348.3,33,7.3,3.8,Low,Lumpy Skin Disease,9.61,19.9,73.1,1.91,7.02,51.1,31.5,49.8,"Increase protein and add Vitamin A, D, E and zinc for skin healing and immunity; offer soft palatable feed if appetite is reduced; isolate from herd; ensure fly/vector control."
Khillari,Draft/Working Bullock,334.8,42,0.0,3.0,High,Normal,8.68,11.5,72.4,1.0,6.28,20.1,13.4,31.8,Maintain standard balanced ration; ensure clean water and routine mineral mixture.
Khillari,Dairy Lactating,309.8,90,9.1,2.9,Low,Normal,11.42,17.5,71.4,2.0,8.15,50.4,32.4,52.1,Maintain standard balanced ration; ensure clean water and routine mineral mixture.
Khillari,Draft/Working Bullock,302.3,38,0.0,3.0,Medium,Lumpy Skin Disease,5.8,14.0,65.0,0.81,3.77,20.0,12.7,24.2,"Increase protein and add Vitamin A, D, E and zinc for skin healing and immunity; offer soft palatable feed if appetite is reduced; isolate from herd; ensure fly/vector control."
Khillari,Draft/Working Bullock,351.6,55,0.0,3.3,Medium,Normal,8.44,11.5,63.0,0.97,5.32,21.1,14.1,28.1,Maintain standard balanced ration; ensure clean water and routine mineral mixture.
Khillari,Dairy Dry,379.8,59,0.0,3.4,Low,FMD,5.72,13.5,63.0,0.77,3.6,23.9,16.0,30.4,Offer soft/gruel feed (mouth lesions reduce chewing) split into more frequent small meals; add electrolytes and energy-dense concentrate; isolate animal; consult vet for antiviral/supportive care.
Khillari,Dairy Dry,373.7,33,0.0,3.8,Medium,Normal,8.22,12.5,60.0,1.03,4.93,22.4,14.9,29.9,Maintain standard balanced ration; ensure clean water and routine mineral mixture.
Khillari,Calf,44.1,6,0.0,3.1,Medium,FMD,1.0,21.0,75.0,0.21,0.75,2.8,1.9,3.5,Offer soft/gruel feed (mouth lesions reduce chewing) split into more frequent small meals; add electrolytes and energy-dense concentrate; isolate animal; consult vet for antiviral/supportive care.
Khillari,Breeding Bull,346.5,47,0.0,3.2,Medium,Normal,7.97,13.0,62.0,1.04,4.94,20.8,13.9,27.7,Maintain standard balanced ration; ensure clean water and routine mineral mixture.
Khillari,Draft/Working Bullock,359.7,64,0.0,3.4,High,Normal,9.32,11.5,72.4,1.07,6.75,21.6,14.4,33.8,Maintain standard balanced ration; ensure clean water and routine mineral mixture.
Khillari,Dairy Dry,317.3,109,0.0,3.5,High,Ringworm,7.16,13.0,60.0,0.93,4.3,21.9,14.0,30.4,"Add biotin, zinc and Vitamin A/E supplementation for skin and coat health; maintain hygiene of housing; mild protein boost aids skin recovery; topical antifungal treatment as advised by vet."
Khillari,Breeding Bull,384.5,34,0.0,3.4,Low,Normal,8.4,13.0,62.0,1.09,5.21,23.1,15.4,30.8,Maintain standard balanced ration; ensure clean water and routine mineral mixture.
Khillari,Growing/Heifer,181.8,23,0.0,2.9,Medium,Normal,4.73,15.0,65.0,0.71,3.07,10.9,7.3,14.5,Maintain standard balanced ration; ensure clean water and routine mineral mixture.
Khillari,Breeding Bull,446.6,112,0.0,3.3,Low,Normal,9.76,13.0,62.0,1.27,6.05,26.8,17.9,35.7,Maintain standard balanced ration; ensure clean water and routine mineral mixture.
Khillari,Growing/Heifer,248.6,17,0.0,3.3,High,Normal,6.98,15.0,65.0,1.05,4.54,14.9,9.9,24.9,Maintain standard balanced ration; ensure clean water and routine mineral mixture.
Konkan Kapila,Growing/Heifer,147.5,19,0.0,2.7,Medium,Normal,3.83,15.0,65.0,0.57,2.49,8.8,5.9,11.8,Maintain standard balanced ration; ensure clean water and routine mineral mixture.
Konkan Kapila,Dairy Dry,166.7,92,0.0,3.3,Medium,Normal,3.67,12.5,60.0,0.46,2.2,10.0,6.7,13.3,Maintain standard balanced ration; ensure clean water and routine mineral mixture.
Konkan Kapila,Calf,21.3,3,0.0,3.2,Low,Lumpy Skin Disease,1.0,22.5,74.0,0.23,0.74,1.4,0.9,1.7,"Increase protein and add Vitamin A, D, E and zinc for skin healing and immunity; offer soft palatable feed if appetite is reduced; isolate from herd; ensure fly/vector control."
Konkan Kapila,Dairy Dry,201.1,100,0.0,3.4,Low,Normal,4.2,12.5,60.0,0.53,2.52,12.1,8.0,16.1,Maintain standard balanced ration; ensure clean water and routine mineral mixture.
Konkan Kapila,Dairy Lactating,232.3,99,3.7,3.4,Medium,Ringworm,7.68,17.7,70.6,1.36,5.42,30.9,19.2,29.7,"Add biotin, zinc and Vitamin A/E supplementation for skin and coat health; maintain hygiene of housing; mild protein boost aids skin recovery; topical antifungal treatment as advised by vet."
Konkan Kapila,Calf,40.4,6,0.0,2.4,High,Normal,1.41,21.0,75.0,0.3,1.06,2.4,1.6,8.2,Maintain standard balanced ration; ensure clean water and routine mineral mixture.
Konkan Kapila,Dairy Lactating,193.9,41,6.8,3.6,Low,Lumpy Skin Disease,5.97,19.9,73.0,1.19,4.36,39.0,23.9,35.9,"Increase protein and add Vitamin A, D, E and zinc for skin healing and immunity; offer soft palatable feed if appetite is reduced; isolate from herd; ensure fly/vector control."
Konkan Kapila,Breeding Bull,204.8,112,0.0,3.9,Low,Normal,4.47,13.0,62.0,0.58,2.77,12.3,8.2,16.4,Maintain standard balanced ration; ensure clean water and routine mineral mixture.
Konkan Kapila,Growing/Heifer,139.1,13,0.0,2.8,Medium,Normal,3.62,15.0,65.0,0.54,2.35,8.3,5.6,11.1,Maintain standard balanced ration; ensure clean water and routine mineral mixture.
Konkan Kapila,Draft/Working Bullock,178.9,61,0.0,2.9,High,Ringworm,4.41,12.0,72.4,0.53,3.19,12.3,7.9,19.3,"Add biotin, zinc and Vitamin A/E supplementation for skin and coat health; maintain hygiene of housing; mild protein boost aids skin recovery; topical antifungal treatment as advised by vet."
Konkan Kapila,Draft/Working Bullock,159.5,128,0.0,3.9,High,Ringworm,3.93,12.0,72.4,0.47,2.85,11.0,7.0,17.8,"Add biotin, zinc and Vitamin A/E supplementation for skin and coat health; maintain hygiene of housing; mild protein boost aids skin recovery; topical antifungal treatment as advised by vet."
Konkan Kapila,Dairy Lactating,162.7,113,5.3,2.5,Medium,Lumpy Skin Disease,5.18,19.8,72.8,1.03,3.77,31.1,19.1,28.9,"Increase protein and add Vitamin A, D, E and zinc for skin healing and immunity; offer soft palatable feed if appetite is reduced; isolate from herd; ensure fly/vector control."
Konkan Kapila,Draft/Working Bullock,198.9,74,0.0,3.4,Medium,Normal,4.77,11.5,63.0,0.55,3.01,11.9,8.0,15.9,Maintain standard balanced ration; ensure clean water and routine mineral mixture.
Konkan Kapila,Dairy Dry,213.4,39,0.0,3.8,Low,Normal,4.46,12.5,60.0,0.56,2.68,12.8,8.5,17.1,Maintain standard balanced ration; ensure clean water and routine mineral mixture.
Konkan Kapila,Dairy Lactating,243.6,118,5.5,3.9,Medium,Normal,8.96,17.3,70.8,1.55,6.34,33.9,21.8,36.0,Maintain standard balanced ration; ensure clean water and routine mineral mixture.
Konkan Kapila,Draft/Working Bullock,223.1,35,0.0,3.2,High,Normal,5.78,11.5,72.4,0.66,4.18,13.4,8.9,22.8,Maintain standard balanced ration; ensure clean water and routine mineral mixture.
Konkan Kapila,Calf,32.2,5,0.0,3.2,Low,Normal,1.0,20.0,72.0,0.2,0.72,1.9,1.3,2.6,Maintain standard balanced ration; ensure clean water and routine mineral mixture.
Konkan Kapila,Dairy Lactating,204.7,73,3.6,3.7,Medium,Ringworm,6.86,17.7,70.5,1.21,4.84,28.6,17.7,27.2,"Add biotin, zinc and Vitamin A/E supplementation for skin and coat health; maintain hygiene of housing; mild protein boost aids skin recovery; topical antifungal treatment as advised by vet."
Konkan Kapila,Calf,23.2,1,0.0,2.7,Low,Ringworm,1.0,20.5,72.0,0.2,0.72,1.6,1.0,1.9,"Add biotin, zinc and Vitamin A/E supplementation for skin and coat health; maintain hygiene of housing; mild protein boost aids skin recovery; topical antifungal treatment as advised by vet."
Konkan Kapila,Dairy Dry,150.1,88,0.0,3.9,Low,FMD,2.26,13.5,63.0,0.31,1.42,9.5,6.3,12.0,Offer soft/gruel feed (mouth lesions reduce chewing) split into more frequent small meals; add electrolytes and energy-dense concentrate; isolate animal; consult vet for antiviral/supportive care.
Konkan Kapila,Growing/Heifer,100.6,16,0.0,2.4,Medium,Normal,2.82,16.0,68.0,0.45,1.92,6.0,4.0,8.0,Maintain standard balanced ration; ensure clean water and routine mineral mixture.
Konkan Kapila,Dairy Lactating,240.4,115,4.4,2.8,Medium,FMD,6.14,18.3,73.7,1.12,4.53,31.3,20.3,32.4,Offer soft/gruel feed (mouth lesions reduce chewing) split into more frequent small meals; add electrolytes and energy-dense concentrate; isolate animal; consult vet for antiviral/supportive care.
Konkan Kapila,Growing/Heifer,134.9,20,0.0,2.0,Medium,Normal,3.79,16.0,68.0,0.61,2.58,8.1,5.4,10.8,Maintain standard balanced ration; ensure clean water and routine mineral mixture.
Konkan Kapila,Growing/Heifer,93.9,23,0.0,3.0,High,Ringworm,2.5,15.5,65.0,0.39,1.62,6.5,4.1,12.5,"Add biotin, zinc and Vitamin A/E supplementation for skin and coat health; maintain hygiene of housing; mild protein boost aids skin recovery; topical antifungal treatment as advised by vet."
Kosali,Dairy Dry,213.2,118,0.0,2.6,Medium,Lumpy Skin Disease,3.75,15.0,62.0,0.56,2.33,14.1,9.0,17.1,"Increase protein and add Vitamin A, D, E and zinc for skin healing and immunity; offer soft palatable feed if appetite is reduced; isolate from herd; ensure fly/vector control."
Kosali,Calf,37.8,1,0.0,2.2,Medium,Lumpy Skin Disease,1.0,23.5,77.0,0.23,0.77,2.5,1.6,3.0,"Increase protein and add Vitamin A, D, E and zinc for skin healing and immunity; offer soft palatable feed if appetite is reduced; isolate from herd; ensure fly/vector control."
Kosali,Growing/Heifer,96.7,11,0.0,2.9,Low,Normal,2.39,15.0,65.0,0.36,1.55,5.8,3.9,7.7,Maintain standard balanced ration; ensure clean water and routine mineral mixture.
Kosali,Growing/Heifer,187.8,11,0.0,2.7,Low,Ringworm,4.41,15.5,65.0,0.68,2.87,13.0,8.3,15.0,"Add biotin, zinc and Vitamin A/E supplementation for skin and coat health; maintain hygiene of housing; mild protein boost aids skin recovery; topical antifungal treatment as advised by vet."
Kosali,Growing/Heifer,139.7,10,0.0,3.4,Medium,Normal,3.63,15.0,65.0,0.54,2.36,8.4,5.6,11.2,Maintain standard balanced ration; ensure clean water and routine mineral mixture.
Kosali,Dairy Lactating,208.4,112,5.4,3.2,Medium,Lumpy Skin Disease,6.3,19.8,72.8,1.25,4.59,34.5,21.2,32.9,"Increase protein and add Vitamin A, D, E and zinc for skin healing and immunity; offer soft palatable feed if appetite is reduced; isolate from herd; ensure fly/vector control."
Kosali,Draft/Working Bullock,284.8,27,0.0,3.5,Medium,Normal,6.84,11.5,63.0,0.79,4.31,17.1,11.4,22.8,Maintain standard balanced ration; ensure clean water and routine mineral mixture.
Kosali,Breeding Bull,287.0,48,0.0,3.1,High,Ringworm,6.77,13.5,62.0,0.91,4.2,19.8,12.6,28.0,"Add biotin, zinc and Vitamin A/E supplementation for skin and coat health; maintain hygiene of housing; mild protein boost aids skin recovery; topical antifungal treatment as advised by vet."
Kosali,Dairy Dry,211.3,79,0.0,3.2,Medium,Normal,4.65,12.5,60.0,0.58,2.79,12.7,8.5,16.9,Maintain standard balanced ration; ensure clean water and routine mineral mixture.
Kosali,Calf,50.2,3,0.0,3.3,Low,Normal,1.43,20.0,72.0,0.29,1.03,3.0,2.0,4.0,Maintain standard balanced ration; ensure clean water and routine mineral mixture.
Kosali,Draft/Working Bullock,276.3,46,0.0,3.9,High,Normal,7.16,11.5,72.4,0.82,5.18,16.6,11.1,27.1,Maintain standard balanced ration; ensure clean water and routine mineral mixture.
Kosali,Calf,27.8,1,0.0,2.1,Medium,Normal,1.0,21.0,75.0,0.21,0.75,1.7,1.1,2.2,Maintain standard balanced ration; ensure clean water and routine mineral mixture.
Kosali,Draft/Working Bullock,250.1,115,0.0,3.1,High,Normal,6.48,11.5,72.4,0.75,4.69,15.0,10.0,25.0,Maintain standard balanced ration; ensure clean water and routine mineral mixture.
Kosali,Breeding Bull,272.5,92,0.0,3.5,Medium,Normal,6.27,13.0,62.0,0.82,3.89,16.4,10.9,21.8,Maintain standard balanced ration; ensure clean water and routine mineral mixture.
Kosali,Growing/Heifer,124.3,24,0.0,3.1,Medium,FMD,2.33,16.0,68.0,0.37,1.58,7.8,5.2,9.9,Offer soft/gruel feed (mouth lesions reduce chewing) split into more frequent small meals; add electrolytes and energy-dense concentrate; isolate animal; consult vet for antiviral/supportive care.
Kosali,Dairy Lactating,243.7,119,8.3,2.5,Low,Ringworm,8.85,18.0,71.2,1.59,6.3,50.2,30.8,44.4,"Add biotin, zinc and Vitamin A/E supplementation for skin and coat health; maintain hygiene of housing; mild protein boost aids skin recovery; topical antifungal treatment as advised by vet."
Kosali,Calf,39.1,4,0.0,3.0,Medium,Normal,1.17,20.0,72.0,0.23,0.84,2.3,1.6,3.1,Maintain standard balanced ration; ensure clean water and routine mineral mixture.
Kosali,Calf,23.5,6,0.0,2.7,Low,Normal,1.0,20.0,72.0,0.2,0.72,1.4,0.9,1.9,Maintain standard balanced ration; ensure clean water and routine mineral mixture.
Kosali,Draft/Working Bullock,216.7,57,0.0,2.7,High,Normal,5.62,11.5,72.4,0.65,4.07,13.0,8.7,22.3,Maintain standard balanced ration; ensure clean water and routine mineral mixture.
Kosali,Calf,34.0,1,0.0,2.8,Low,Ringworm,1.0,20.5,72.0,0.2,0.72,2.3,1.5,2.7,"Add biotin, zinc and Vitamin A/E supplementation for skin and coat health; maintain hygiene of housing; mild protein boost aids skin recovery; topical antifungal treatment as advised by vet."
Kosali,Draft/Working Bullock,249.6,33,0.0,3.3,Low,Ringworm,5.41,12.0,59.8,0.65,3.24,17.2,11.0,20.0,"Add biotin, zinc and Vitamin A/E supplementation for skin and coat health; maintain hygiene of housing; mild protein boost aids skin recovery; topical antifungal treatment as advised by vet."
Kosali,Growing/Heifer,114.5,18,0.0,3.3,Medium,Normal,2.98,15.0,65.0,0.45,1.94,6.9,4.6,9.2,Maintain standard balanced ration; ensure clean water and routine mineral mixture.
Kosali,Draft/Working Bullock,200.3,89,0.0,3.8,Low,Normal,4.57,11.5,59.8,0.53,2.73,12.0,8.0,16.0,Maintain standard balanced ration; ensure clean water and routine mineral mixture.
Kosali,Dairy Lactating,292.0,79,5.4,3.9,Low,Lumpy Skin Disease,7.89,19.8,72.8,1.56,5.74,40.1,24.7,39.6,"Increase protein and add Vitamin A, D, E and zinc for skin healing and immunity; offer soft palatable feed if appetite is reduced; isolate from herd; ensure fly/vector control."
Krishna_Valley,Draft/Working Bullock,498.4,118,0.0,2.8,Medium,Ringworm,11.36,12.0,63.0,1.36,7.16,34.4,21.9,39.9,"Add biotin, zinc and Vitamin A/E supplementation for skin and coat health; maintain hygiene of housing; mild protein boost aids skin recovery; topical antifungal treatment as advised by vet."
Krishna_Valley,Dairy Lactating,523.9,64,13.8,2.2,Medium,Normal,21.45,18.8,75.1,4.03,16.11,79.7,51.3,83.3,Maintain standard balanced ration; ensure clean water and routine mineral mixture.
Krishna_Valley,Growing/Heifer,403.3,23,0.0,2.1,Medium,Normal,11.32,16.0,68.0,1.81,7.7,24.2,16.1,32.3,Maintain standard balanced ration; ensure clean water and routine mineral mixture.
Krishna_Valley,Dairy Lactating,413.0,71,10.0,2.7,Low,Lumpy Skin Disease,11.7,20.1,73.5,2.35,8.6,65.8,40.4,63.0,"Increase protein and add Vitamin A, D, E and zinc for skin healing and immunity; offer soft palatable feed if appetite is reduced; isolate from herd; ensure fly/vector control."
Krishna_Valley,Draft/Working Bullock,436.4,103,0.0,3.1,High,Ringworm,10.75,12.0,72.4,1.29,7.78,30.1,19.2,39.9,"Add biotin, zinc and Vitamin A/E supplementation for skin and coat health; maintain hygiene of housing; mild protein boost aids skin recovery; topical antifungal treatment as advised by vet."
Krishna_Valley,Growing/Heifer,285.7,24,0.0,2.0,Medium,Normal,8.02,16.0,68.0,1.28,5.45,17.1,11.4,22.9,Maintain standard balanced ration; ensure clean water and routine mineral mixture.
Krishna_Valley,Dairy Lactating,525.9,111,17.1,3.9,Low,FMD,14.3,19.0,75.6,2.72,10.81,96.0,61.6,93.4,Offer soft/gruel feed (mouth lesions reduce chewing) split into more frequent small meals; add electrolytes and energy-dense concentrate; isolate animal; consult vet for antiviral/supportive care.
Krishna_Valley,Draft/Working Bullock,446.1,117,0.0,2.8,High,Normal,11.56,11.5,72.4,1.33,8.37,26.8,17.8,40.7,Maintain standard balanced ration; ensure clean water and routine mineral mixture.
Krishna_Valley,Calf,89.5,2,0.0,3.4,Medium,Normal,2.69,20.0,72.0,0.54,1.94,5.4,3.6,7.2,Maintain standard balanced ration; ensure clean water and routine mineral mixture.
Krishna_Valley,Draft/Working Bullock,455.9,138,0.0,4.0,Low,Normal,10.39,11.5,59.8,1.19,6.21,27.4,18.2,36.5,Maintain standard balanced ration; ensure clean water and routine mineral mixture.
Krishna_Valley,Growing/Heifer,184.3,19,0.0,2.7,High,Normal,5.18,15.0,65.0,0.78,3.37,11.1,7.4,19.7,Maintain standard balanced ration; ensure clean water and routine mineral mixture.
Krishna_Valley,Dairy Lactating,538.9,70,12.3,3.7,Medium,Normal,19.86,17.7,71.8,3.52,14.26,75.4,48.6,80.0,Maintain standard balanced ration; ensure clean water and routine mineral mixture.
Krishna_Valley,Growing/Heifer,305.8,9,0.0,3.2,Low,Normal,7.55,15.0,65.0,1.13,4.91,18.3,12.2,24.5,Maintain standard balanced ration; ensure clean water and routine mineral mixture.
Krishna_Valley,Dairy Dry,447.1,89,0.0,2.7,Medium,Lumpy Skin Disease,7.87,15.0,62.0,1.18,4.88,29.5,18.8,35.8,"Increase protein and add Vitamin A, D, E and zinc for skin healing and immunity; offer soft palatable feed if appetite is reduced; isolate from herd; ensure fly/vector control."
Krishna_Valley,Dairy Dry,469.5,69,0.0,3.8,Low,Lumpy Skin Disease,7.85,15.0,62.0,1.18,4.87,31.0,19.7,37.6,"Increase protein and add Vitamin A, D, E and zinc for skin healing and immunity; offer soft palatable feed if appetite is reduced; isolate from herd; ensure fly/vector control."
Krishna_Valley,Dairy Lactating,504.5,120,8.0,3.7,Medium,Normal,17.54,17.5,71.2,3.07,12.49,58.3,37.8,64.4,Maintain standard balanced ration; ensure clean water and routine mineral mixture.
Krishna_Valley,Growing/Heifer,207.1,18,0.0,2.4,High,Normal,6.28,16.0,68.0,1.0,4.27,12.4,8.3,21.6,Maintain standard balanced ration; ensure clean water and routine mineral mixture.
Krishna_Valley,Dairy Dry,483.4,87,0.0,3.3,Low,Normal,10.1,12.5,60.0,1.26,6.06,29.0,19.3,38.7,Maintain standard balanced ration; ensure clean water and routine mineral mixture.
Krishna_Valley,Growing/Heifer,186.1,10,0.0,3.5,Low,Lumpy Skin Disease,3.68,17.5,67.0,0.64,2.47,12.3,7.8,14.9,"Increase protein and add Vitamin A, D, E and zinc for skin healing and immunity; offer soft palatable feed if appetite is reduced; isolate from herd; ensure fly/vector control."
Krishna_Valley,Dairy Lactating,494.5,117,13.8,3.2,Low,Lumpy Skin Disease,14.42,20.3,74.1,2.93,10.69,85.8,52.6,81.0,"Increase protein and add Vitamin A, D, E and zinc for skin healing and immunity; offer soft palatable feed if appetite is reduced; isolate from herd; ensure fly/vector control."
Krishna_Valley,Calf,62.1,1,0.0,3.2,Low,Lumpy Skin Disease,1.42,22.5,74.0,0.32,1.05,4.1,2.6,5.0,"Increase protein and add Vitamin A, D, E and zinc for skin healing and immunity; offer soft palatable feed if appetite is reduced; isolate from herd; ensure fly/vector control."
Krishna_Valley,Dairy Lactating,406.4,45,9.8,2.3,Medium,Lumpy Skin Disease,13.07,21.1,76.5,2.76,10.0,64.6,39.7,61.9,"Increase protein and add Vitamin A, D, E and zinc for skin healing and immunity; offer soft palatable feed if appetite is reduced; isolate from herd; ensure fly/vector control."
Krishna_Valley,Dairy Dry,404.4,93,0.0,3.5,Low,Normal,8.45,12.5,60.0,1.06,5.07,24.3,16.2,32.4,Maintain standard balanced ration; ensure clean water and routine mineral mixture.
Krishna_Valley,Growing/Heifer,246.0,15,0.0,2.1,Medium,Normal,6.91,16.0,68.0,1.11,4.7,14.8,9.8,19.7,Maintain standard balanced ration; ensure clean water and routine mineral mixture.
Ladakhi,Dairy Lactating,191.2,93,5.0,2.1,Low,Normal,7.42,18.3,73.8,1.36,5.48,29.0,18.6,30.3,Maintain standard balanced ration; ensure clean water and routine mineral mixture.
Ladakhi,Growing/Heifer,112.1,23,0.0,2.8,Low,Normal,2.77,15.0,65.0,0.42,1.8,6.7,4.5,9.0,Maintain standard balanced ration; ensure clean water and routine mineral mixture.
Ladakhi,Draft/Working Bullock,198.0,69,0.0,3.7,Medium,FMD,3.42,12.5,66.0,0.43,2.26,12.5,8.3,15.8,Offer soft/gruel feed (mouth lesions reduce chewing) split into more frequent small meals; add electrolytes and energy-dense concentrate; isolate animal; consult vet for antiviral/supportive care.
Ladakhi,Dairy Lactating,177.0,79,2.7,3.2,Low,Lumpy Skin Disease,4.65,19.7,72.4,0.92,3.37,22.1,13.7,22.3,"Increase protein and add Vitamin A, D, E and zinc for skin healing and immunity; offer soft palatable feed if appetite is reduced; isolate from herd; ensure fly/vector control."
Ladakhi,Dairy Lactating,230.9,37,5.6,2.7,Medium,Normal,8.61,17.3,70.8,1.49,6.1,33.5,21.6,35.3,Maintain standard balanced ration; ensure clean water and routine mineral mixture.
Ladakhi,Growing/Heifer,78.2,10,0.0,2.8,Medium,Lumpy Skin Disease,1.63,17.5,67.0,0.29,1.09,5.2,3.3,6.3,"Increase protein and add Vitamin A, D, E and zinc for skin healing and immunity; offer soft palatable feed if appetite is reduced; isolate from herd; ensure fly/vector control."
Ladakhi,Growing/Heifer,115.1,19,0.0,3.3,Low,FMD,2.05,16.0,68.0,0.33,1.39,7.3,4.8,9.2,Offer soft/gruel feed (mouth lesions reduce chewing) split into more frequent small meals; add electrolytes and energy-dense concentrate; isolate animal; consult vet for antiviral/supportive care.
Ladakhi,Draft/Working Bullock,185.9,113,0.0,3.4,High,Normal,4.82,11.5,72.4,0.55,3.49,11.2,7.4,19.9,Maintain standard balanced ration; ensure clean water and routine mineral mixture.
Ladakhi,Breeding Bull,187.6,96,0.0,4.3,High,Ringworm,4.12,13.0,60.0,0.54,2.47,12.9,8.3,20.0,"Add biotin, zinc and Vitamin A/E supplementation for skin and coat health; maintain hygiene of housing; mild protein boost aids skin recovery; topical antifungal treatment as advised by vet."
Ladakhi,Breeding Bull,168.5,63,0.0,3.1,Medium,Normal,3.88,13.0,62.0,0.5,2.41,10.1,6.7,13.5,Maintain standard balanced ration; ensure clean water and routine mineral mixture.
Ladakhi,Dairy Dry,183.2,30,0.0,3.4,High,Normal,4.35,12.5,60.0,0.54,2.61,11.0,7.3,19.7,Maintain standard balanced ration; ensure clean water and routine mineral mixture.
Ladakhi,Growing/Heifer,61.6,17,0.0,3.1,Low,Normal,1.52,15.0,65.0,0.23,0.99,3.7,2.5,4.9,Maintain standard balanced ration; ensure clean water and routine mineral mixture.
Ladakhi,Breeding Bull,259.8,70,0.0,4.4,Medium,Normal,5.56,12.5,60.0,0.69,3.34,15.6,10.4,20.8,Maintain standard balanced ration; ensure clean water and routine mineral mixture.
Ladakhi,Dairy Lactating,163.6,71,3.0,3.9,Medium,Ringworm,5.52,17.7,70.5,0.98,3.89,23.4,14.5,22.1,"Add biotin, zinc and Vitamin A/E supplementation for skin and coat health; maintain hygiene of housing; mild protein boost aids skin recovery; topical antifungal treatment as advised by vet."
Ladakhi,Draft/Working Bullock,167.4,64,0.0,4.0,High,Ringworm,4.12,12.0,72.4,0.49,2.98,11.6,7.4,18.4,"Add biotin, zinc and Vitamin A/E supplementation for skin and coat health; maintain hygiene of housing; mild protein boost aids skin recovery; topical antifungal treatment as advised by vet."
Ladakhi,Dairy Lactating,216.6,58,6.8,2.8,Medium,Normal,8.54,17.4,71.0,1.49,6.06,36.8,23.6,37.7,Maintain standard balanced ration; ensure clean water and routine mineral mixture.
Ladakhi,Growing/Heifer,178.6,7,0.0,2.6,High,Ringworm,4.76,15.5,65.0,0.74,3.09,12.3,7.9,19.3,"Add biotin, zinc and Vitamin A/E supplementation for skin and coat health; maintain hygiene of housing; mild protein boost aids skin recovery; topical antifungal treatment as advised by vet."
Ladakhi,Calf,36.7,2,0.0,3.5,Low,FMD,1.0,21.0,75.0,0.21,0.75,2.3,1.5,2.9,Offer soft/gruel feed (mouth lesions reduce chewing) split into more frequent small meals; add electrolytes and energy-dense concentrate; isolate animal; consult vet for antiviral/supportive care.
Ladakhi,Dairy Dry,183.1,48,0.0,2.6,Medium,Normal,4.03,12.5,60.0,0.5,2.42,11.0,7.3,14.6,Maintain standard balanced ration; ensure clean water and routine mineral mixture.
Ladakhi,Draft/Working Bullock,246.3,137,0.0,3.7,High,Lumpy Skin Disease,5.11,14.0,74.8,0.72,3.82,16.3,10.3,24.7,"Increase protein and add Vitamin A, D, E and zinc for skin healing and immunity; offer soft palatable feed if appetite is reduced; isolate from herd; ensure fly/vector control."
Ladakhi,Dairy Lactating,151.1,87,2.9,3.4,Medium,Lumpy Skin Disease,4.32,19.7,72.4,0.85,3.13,21.1,13.0,20.8,"Increase protein and add Vitamin A, D, E and zinc for skin healing and immunity; offer soft palatable feed if appetite is reduced; isolate from herd; ensure fly/vector control."
Ladakhi,Draft/Working Bullock,154.8,24,0.0,3.2,High,Normal,4.01,11.5,72.4,0.46,2.9,9.3,6.2,17.4,Maintain standard balanced ration; ensure clean water and routine mineral mixture.
Ladakhi,Dairy Dry,238.2,93,0.0,3.0,Medium,Lumpy Skin Disease,4.19,15.0,62.0,0.63,2.6,15.7,10.0,19.1,"Increase protein and add Vitamin A, D, E and zinc for skin healing and immunity; offer soft palatable feed if appetite is reduced; isolate from herd; ensure fly/vector control."
Ladakhi,Breeding Bull,233.5,107,0.0,3.7,Medium,Normal,5.37,13.0,62.0,0.7,3.33,14.0,9.3,18.7,Maintain standard balanced ration; ensure clean water and routine mineral mixture.
Lakhimi,Calf,28.4,3,0.0,2.5,Medium,Normal,1.0,20.0,72.0,0.2,0.72,1.7,1.1,2.3,Maintain standard balanced ration; ensure clean water and routine mineral mixture.
Lakhimi,Calf,58.9,5,0.0,2.5,High,Ringworm,1.81,20.5,72.0,0.37,1.3,4.1,2.6,9.7,"Add biotin, zinc and Vitamin A/E supplementation for skin and coat health; maintain hygiene of housing; mild protein boost aids skin recovery; topical antifungal treatment as advised by vet."
Lakhimi,Draft/Working Bullock,243.1,27,0.0,3.5,High,Normal,6.3,11.5,72.4,0.72,4.56,14.6,9.7,24.4,Maintain standard balanced ration; ensure clean water and routine mineral mixture.
Lakhimi,Calf,39.3,1,0.0,2.6,Low,Ringworm,1.06,20.5,72.0,0.22,0.76,2.7,1.7,3.1,"Add biotin, zinc and Vitamin A/E supplementation for skin and coat health; maintain hygiene of housing; mild protein boost aids skin recovery; topical antifungal treatment as advised by vet."
Lakhimi,Breeding Bull,277.9,57,0.0,3.1,Medium,Normal,6.39,13.0,62.0,0.83,3.96,16.7,11.1,22.2,Maintain standard balanced ration; ensure clean water and routine mineral mixture.
Lakhimi,Dairy Dry,205.5,49,0.0,2.5,Low,Lumpy Skin Disease,3.44,15.0,62.0,0.52,2.13,13.6,8.6,16.4,"Increase protein and add Vitamin A, D, E and zinc for skin healing and immunity; offer soft palatable feed if appetite is reduced; isolate from herd; ensure fly/vector control."
Lakhimi,Draft/Working Bullock,248.0,100,0.0,2.6,Medium,FMD,4.29,12.5,66.0,0.54,2.83,15.6,10.4,19.8,Offer soft/gruel feed (mouth lesions reduce chewing) split into more frequent small meals; add electrolytes and energy-dense concentrate; isolate animal; consult vet for antiviral/supportive care.
Lakhimi,Calf,49.1,4,0.0,2.6,Low,FMD,1.01,21.0,75.0,0.21,0.76,3.1,2.1,3.9,Offer soft/gruel feed (mouth lesions reduce chewing) split into more frequent small meals; add electrolytes and energy-dense concentrate; isolate animal; consult vet for antiviral/supportive care.
Lakhimi,Calf,38.3,6,0.0,3.3,Low,Normal,1.09,20.0,72.0,0.22,0.78,2.3,1.5,3.1,Maintain standard balanced ration; ensure clean water and routine mineral mixture.
Lakhimi,Dairy Lactating,246.5,86,4.8,2.5,Low,Lumpy Skin Disease,6.71,19.8,72.7,1.33,4.88,34.7,21.4,34.1,"Increase protein and add Vitamin A, D, E and zinc for skin healing and immunity; offer soft palatable feed if appetite is reduced; isolate from herd; ensure fly/vector control."
Lakhimi,Draft/Working Bullock,208.6,36,0.0,3.0,High,Ringworm,5.14,12.0,72.4,0.62,3.72,14.4,9.2,21.7,"Add biotin, zinc and Vitamin A/E supplementation for skin and coat health; maintain hygiene of housing; mild protein boost aids skin recovery; topical antifungal treatment as advised by vet."
Lakhimi,Breeding Bull,287.6,53,0.0,4.2,Medium,Normal,6.15,12.5,60.0,0.77,3.69,17.3,11.5,23.0,Maintain standard balanced ration; ensure clean water and routine mineral mixture.
Lakhimi,Dairy Dry,288.2,103,0.0,3.2,Low,Ringworm,5.72,13.0,60.0,0.74,3.43,19.9,12.7,23.1,"Add biotin, zinc and Vitamin A/E supplementation for skin and coat health; maintain hygiene of housing; mild protein boost aids skin recovery; topical antifungal treatment as advised by vet."
Lakhimi,Draft/Working Bullock,250.2,28,0.0,3.9,High,FMD,4.67,12.5,75.9,0.58,3.54,15.8,10.5,25.0,Offer soft/gruel feed (mouth lesions reduce chewing) split into more frequent small meals; add electrolytes and energy-dense concentrate; isolate animal; consult vet for antiviral/supportive care.
Lakhimi,Breeding Bull,236.1,42,0.0,3.3,High,Ringworm,5.57,13.5,62.0,0.75,3.45,16.3,10.4,23.9,"Add biotin, zinc and Vitamin A/E supplementation for skin and coat health; maintain hygiene of housing; mild protein boost aids skin recovery; topical antifungal treatment as advised by vet."
Lakhimi,Growing/Heifer,76.3,11,0.0,3.0,Low,Lumpy Skin Disease,1.51,17.5,67.0,0.26,1.01,5.0,3.2,6.1,"Increase protein and add Vitamin A, D, E and zinc for skin healing and immunity; offer soft palatable feed if appetite is reduced; isolate from herd; ensure fly/vector control."
Lakhimi,Growing/Heifer,130.3,15,0.0,3.2,Low,FMD,2.32,16.0,68.0,0.37,1.58,8.2,5.5,10.4,Offer soft/gruel feed (mouth lesions reduce chewing) split into more frequent small meals; add electrolytes and energy-dense concentrate; isolate animal; consult vet for antiviral/supportive care.
Lakhimi,Breeding Bull,307.9,65,0.0,4.4,Low,Lumpy Skin Disease,5.01,15.0,62.0,0.75,3.11,20.3,12.9,24.6,"Increase protein and add Vitamin A, D, E and zinc for skin healing and immunity; offer soft palatable feed if appetite is reduced; isolate from herd; ensure fly/vector control."
Lakhimi,Breeding Bull,282.9,90,0.0,3.2,Medium,FMD,4.68,14.0,65.0,0.66,3.04,17.8,11.9,22.6,Offer soft/gruel feed (mouth lesions reduce chewing) split into more frequent small meals; add electrolytes and energy-dense concentrate; isolate animal; consult vet for antiviral/supportive care.
Lakhimi,Calf,38.0,1,0.0,2.4,Low,Normal,1.17,21.0,75.0,0.25,0.88,2.3,1.5,3.0,Maintain standard balanced ration; ensure clean water and routine mineral mixture.
Lakhimi,Dairy Dry,238.3,63,0.0,3.2,Medium,Normal,5.24,12.5,60.0,0.66,3.14,14.3,9.5,19.1,Maintain standard balanced ration; ensure clean water and routine mineral mixture.
Lakhimi,Dairy Lactating,214.4,81,5.8,3.4,Low,Ringworm,7.38,17.8,70.9,1.31,5.23,38.1,23.5,34.6,"Add biotin, zinc and Vitamin A/E supplementation for skin and coat health; maintain hygiene of housing; mild protein boost aids skin recovery; topical antifungal treatment as advised by vet."
Lakhimi,Dairy Lactating,223.8,118,6.7,3.8,High,Normal,9.42,17.4,71.0,1.64,6.69,36.9,23.7,43.0,Maintain standard balanced ration; ensure clean water and routine mineral mixture.
Lakhimi,Dairy Lactating,228.0,69,5.7,3.4,Low,Ringworm,7.72,17.8,70.9,1.37,5.47,38.7,23.8,35.3,"Add biotin, zinc and Vitamin A/E supplementation for skin and coat health; maintain hygiene of housing; mild protein boost aids skin recovery; topical antifungal treatment as advised by vet."
Malnad_gidda,Growing/Heifer,96.9,16,0.0,3.2,Low,Normal,2.39,15.0,65.0,0.36,1.55,5.8,3.9,7.8,Maintain standard balanced ration; ensure clean water and routine mineral mixture.
Malnad_gidda,Draft/Working Bullock,113.2,35,0.0,2.8,High,Lumpy Skin Disease,2.35,14.0,74.8,0.33,1.76,7.5,4.8,14.1,"Increase protein and add Vitamin A, D, E and zinc for skin healing and immunity; offer soft palatable feed if appetite is reduced; isolate from herd; ensure fly/vector control."
Malnad_gidda,Breeding Bull,169.6,71,0.0,3.2,Medium,Normal,3.9,13.0,62.0,0.51,2.42,10.2,6.8,13.6,Maintain standard balanced ration; ensure clean water and routine mineral mixture.
Malnad_gidda,Growing/Heifer,71.6,23,0.0,2.3,High,Lumpy Skin Disease,1.74,18.5,70.0,0.32,1.22,4.7,3.0,10.7,"Increase protein and add Vitamin A, D, E and zinc for skin healing and immunity; offer soft palatable feed if appetite is reduced; isolate from herd; ensure fly/vector control."
Malnad_gidda,Growing/Heifer,87.5,8,0.0,3.1,Low,Lumpy Skin Disease,1.73,17.5,67.0,0.3,1.16,5.8,3.7,7.0,"Increase protein and add Vitamin A, D, E and zinc for skin healing and immunity; offer soft palatable feed if appetite is reduced; isolate from herd; ensure fly/vector control."
Malnad_gidda,Breeding Bull,147.2,74,0.0,3.0,Medium,FMD,2.44,14.0,65.0,0.34,1.59,9.3,6.2,11.8,Offer soft/gruel feed (mouth lesions reduce chewing) split into more frequent small meals; add electrolytes and energy-dense concentrate; isolate animal; consult vet for antiviral/supportive care.
Malnad_gidda,Growing/Heifer,72.8,22,0.0,2.2,High,Lumpy Skin Disease,1.77,18.5,70.0,0.33,1.24,4.8,3.1,10.8,"Increase protein and add Vitamin A, D, E and zinc for skin healing and immunity; offer soft palatable feed if appetite is reduced; isolate from herd; ensure fly/vector control."
Malnad_gidda,Draft/Working Bullock,120.0,35,0.0,3.1,Medium,FMD,2.07,12.5,66.0,0.26,1.37,7.6,5.0,9.6,Offer soft/gruel feed (mouth lesions reduce chewing) split into more frequent small meals; add electrolytes and energy-dense concentrate; isolate animal; consult vet for antiviral/supportive care.
Malnad_gidda,Growing/Heifer,89.8,14,0.0,2.4,Medium,Normal,2.52,16.0,68.0,0.4,1.71,5.4,3.6,7.2,Maintain standard balanced ration; ensure clean water and routine mineral mixture.
Malnad_gidda,Draft/Working Bullock,133.2,25,0.0,2.7,Medium,Lumpy Skin Disease,2.56,14.0,65.0,0.36,1.66,8.8,5.6,10.7,"Increase protein and add Vitamin A, D, E and zinc for skin healing and immunity; offer soft palatable feed if appetite is reduced; isolate from herd; ensure fly/vector control."
Malnad_gidda,Growing/Heifer,98.5,15,0.0,3.1,Medium,Normal,2.56,15.0,65.0,0.38,1.66,5.9,3.9,7.9,Maintain standard balanced ration; ensure clean water and routine mineral mixture.
Malnad_gidda,Dairy Dry,132.1,74,0.0,2.8,Medium,Normal,2.91,12.5,60.0,0.36,1.75,7.9,5.3,10.6,Maintain standard balanced ration; ensure clean water and routine mineral mixture.
Malnad_gidda,Breeding Bull,141.1,74,0.0,4.5,High,Lumpy Skin Disease,2.61,15.0,62.0,0.39,1.62,9.3,5.9,16.3,"Increase protein and add Vitamin A, D, E and zinc for skin healing and immunity; offer soft palatable feed if appetite is reduced; isolate from herd; ensure fly/vector control."
Malnad_gidda,Breeding Bull,147.6,106,0.0,4.0,Medium,Normal,3.39,13.0,62.0,0.44,2.1,8.9,5.9,11.8,Maintain standard balanced ration; ensure clean water and routine mineral mixture.
Malnad_gidda,Dairy Lactating,122.8,111,2.5,3.3,High,FMD,3.45,18.1,73.4,0.62,2.53,16.9,10.9,22.3,Offer soft/gruel feed (mouth lesions reduce chewing) split into more frequent small meals; add electrolytes and energy-dense concentrate; isolate animal; consult vet for antiviral/supportive care.
Malnad_gidda,Growing/Heifer,65.1,11,0.0,2.1,High,Lumpy Skin Disease,1.58,18.5,70.0,0.29,1.11,4.3,2.7,10.2,"Increase protein and add Vitamin A, D, E and zinc for skin healing and immunity; offer soft palatable feed if appetite is reduced; isolate from herd; ensure fly/vector control."
Malnad_gidda,Dairy Dry,122.4,114,0.0,2.7,Low,Normal,2.56,12.5,60.0,0.32,1.54,7.3,4.9,9.8,Maintain standard balanced ration; ensure clean water and routine mineral mixture.
Malnad_gidda,Dairy Lactating,163.5,63,3.8,3.5,Medium,Ringworm,5.74,17.7,70.6,1.02,4.05,26.6,16.4,24.5,"Add biotin, zinc and Vitamin A/E supplementation for skin and coat health; maintain hygiene of housing; mild protein boost aids skin recovery; topical antifungal treatment as advised by vet."
Malnad_gidda,Growing/Heifer,74.0,17,0.0,2.8,Medium,Ringworm,1.83,15.5,65.0,0.28,1.19,5.1,3.3,5.9,"Add biotin, zinc and Vitamin A/E supplementation for skin and coat health; maintain hygiene of housing; mild protein boost aids skin recovery; topical antifungal treatment as advised by vet."
Malnad_gidda,Draft/Working Bullock,135.5,69,0.0,3.8,High,Ringworm,3.34,12.0,72.4,0.4,2.42,9.3,6.0,15.8,"Add biotin, zinc and Vitamin A/E supplementation for skin and coat health; maintain hygiene of housing; mild protein boost aids skin recovery; topical antifungal treatment as advised by vet."
Malnad_gidda,Growing/Heifer,42.4,16,0.0,2.4,High,Lumpy Skin Disease,1.03,18.5,70.0,0.19,0.72,2.8,1.8,8.4,"Increase protein and add Vitamin A, D, E and zinc for skin healing and immunity; offer soft palatable feed if appetite is reduced; isolate from herd; ensure fly/vector control."
Malnad_gidda,Growing/Heifer,70.7,17,0.0,2.3,High,Normal,2.14,16.0,68.0,0.34,1.46,4.2,2.8,10.7,Maintain standard balanced ration; ensure clean water and routine mineral mixture.
Malnad_gidda,Dairy Lactating,118.2,77,2.5,3.7,Medium,Ringworm,4.08,17.6,70.4,0.72,2.87,18.2,11.3,17.0,"Add biotin, zinc and Vitamin A/E supplementation for skin and coat health; maintain hygiene of housing; mild protein boost aids skin recovery; topical antifungal treatment as advised by vet."
Malnad_gidda,Breeding Bull,167.9,98,0.0,4.3,Medium,Ringworm,3.41,13.0,60.0,0.44,2.05,11.6,7.4,13.4,"Add biotin, zinc and Vitamin A/E supplementation for skin and coat health; maintain hygiene of housing; mild protein boost aids skin recovery; topical antifungal treatment as advised by vet."
Mewati,Dairy Dry,379.8,97,0.0,2.6,High,Normal,9.02,12.5,60.0,1.13,5.41,22.8,15.2,35.4,Maintain standard balanced ration; ensure clean water and routine mineral mixture.
Mewati,Growing/Heifer,209.0,17,0.0,3.4,Medium,Normal,5.43,15.0,65.0,0.81,3.53,12.5,8.4,16.7,Maintain standard balanced ration; ensure clean water and routine mineral mixture.
Mewati,Draft/Working Bullock,427.9,47,0.0,3.2,High,Normal,11.09,11.5,72.4,1.28,8.03,25.7,17.1,39.2,Maintain standard balanced ration; ensure clean water and routine mineral mixture.
Mewati,Draft/Working Bullock,350.5,31,0.0,2.9,High,Normal,9.08,11.5,72.4,1.04,6.57,21.0,14.0,33.0,Maintain standard balanced ration; ensure clean water and routine mineral mixture.
Mewati,Growing/Heifer,284.2,22,0.0,2.2,Medium,Normal,7.98,16.0,68.0,1.28,5.43,17.1,11.4,22.7,Maintain standard balanced ration; ensure clean water and routine mineral mixture.
Mewati,Dairy Dry,388.3,91,0.0,2.6,Low,Normal,8.12,12.5,60.0,1.01,4.87,23.3,15.5,31.1,Maintain standard balanced ration; ensure clean water and routine mineral mixture.
Mewati,Calf,84.7,3,0.0,2.0,Low,Lumpy Skin Disease,2.09,23.5,77.0,0.49,1.61,5.6,3.6,6.8,"Increase protein and add Vitamin A, D, E and zinc for skin healing and immunity; offer soft palatable feed if appetite is reduced; isolate from herd; ensure fly/vector control."
Mewati,Growing/Heifer,171.1,18,0.0,2.8,Medium,Normal,4.45,15.0,65.0,0.67,2.89,10.3,6.8,13.7,Maintain standard balanced ration; ensure clean water and routine mineral mixture.
Mewati,Calf,94.7,3,0.0,2.8,Low,Normal,2.7,20.0,72.0,0.54,1.94,5.7,3.8,7.6,Maintain standard balanced ration; ensure clean water and routine mineral mixture.
Mewati,Draft/Working Bullock,384.3,41,0.0,3.9,Medium,Normal,9.22,11.5,63.0,1.06,5.81,23.1,15.4,30.7,Maintain standard balanced ration; ensure clean water and routine mineral mixture.
Mewati,Dairy Dry,372.8,32,0.0,3.6,Low,Lumpy Skin Disease,6.23,15.0,62.0,0.93,3.86,24.6,15.7,29.8,"Increase protein and add Vitamin A, D, E and zinc for skin healing and immunity; offer soft palatable feed if appetite is reduced; isolate from herd; ensure fly/vector control."
Mewati,Breeding Bull,387.1,88,0.0,4.0,Low,Ringworm,8.04,13.5,62.0,1.09,4.98,26.7,17.0,31.0,"Add biotin, zinc and Vitamin A/E supplementation for skin and coat health; maintain hygiene of housing; mild protein boost aids skin recovery; topical antifungal treatment as advised by vet."
Mewati,Dairy Lactating,412.3,98,11.1,2.1,Low,Lumpy Skin Disease,12.89,21.2,76.7,2.73,9.89,69.9,43.0,66.3,"Increase protein and add Vitamin A, D, E and zinc for skin healing and immunity; offer soft palatable feed if appetite is reduced; isolate from herd; ensure fly/vector control."
Mewati,Calf,47.9,6,0.0,2.2,Low,Lumpy Skin Disease,1.18,23.5,77.0,0.28,0.91,3.2,2.0,3.8,"Increase protein and add Vitamin A, D, E and zinc for skin healing and immunity; offer soft palatable feed if appetite is reduced; isolate from herd; ensure fly/vector control."
Mewati,Growing/Heifer,195.8,7,0.0,3.0,Low,FMD,3.48,16.0,68.0,0.56,2.37,12.3,8.2,15.7,Offer soft/gruel feed (mouth lesions reduce chewing) split into more frequent small meals; add electrolytes and energy-dense concentrate; isolate animal; consult vet for antiviral/supportive care.
Mewati,Growing/Heifer,245.9,20,0.0,3.1,Low,Normal,6.07,15.0,65.0,0.91,3.95,14.8,9.8,19.7,Maintain standard balanced ration; ensure clean water and routine mineral mixture.
Mewati,Calf,50.1,4,0.0,2.4,Low,Normal,1.54,21.0,75.0,0.32,1.16,3.0,2.0,4.0,Maintain standard balanced ration; ensure clean water and routine mineral mixture.
Mewati,Draft/Working Bullock,379.5,76,0.0,2.6,High,Normal,9.84,11.5,72.4,1.13,7.12,22.8,15.2,35.4,Maintain standard balanced ration; ensure clean water and routine mineral mixture.
Mewati,Dairy Dry,373.5,72,0.0,2.5,Low,Normal,7.81,12.5,60.0,0.98,4.69,22.4,14.9,29.9,Maintain standard balanced ration; ensure clean water and routine mineral mixture.
Mewati,Breeding Bull,456.3,109,0.0,4.2,Low,Lumpy Skin Disease,7.42,15.0,62.0,1.11,4.6,30.1,19.2,36.5,"Increase protein and add Vitamin A, D, E and zinc for skin healing and immunity; offer soft palatable feed if appetite is reduced; isolate from herd; ensure fly/vector control."
Mewati,Dairy Lactating,373.1,112,13.0,2.6,Medium,Normal,15.09,17.8,72.0,2.69,10.86,67.9,43.5,68.8,Maintain standard balanced ration; ensure clean water and routine mineral mixture.
Mewati,Growing/Heifer,266.7,8,0.0,3.0,Medium,Normal,6.93,15.0,65.0,1.04,4.5,16.0,10.7,21.3,Maintain standard balanced ration; ensure clean water and routine mineral mixture.
Mewati,Calf,91.3,1,0.0,2.3,Low,Normal,2.81,21.0,75.0,0.59,2.11,5.5,3.7,7.3,Maintain standard balanced ration; ensure clean water and routine mineral mixture.
Mewati,Breeding Bull,444.0,58,0.0,4.2,Low,Normal,9.02,12.5,60.0,1.13,5.41,26.6,17.8,35.5,Maintain standard balanced ration; ensure clean water and routine mineral mixture.
Nari,Dairy Dry,333.6,64,0.0,3.5,Medium,Normal,7.34,12.5,60.0,0.92,4.4,20.0,13.3,26.7,Maintain standard balanced ration; ensure clean water and routine mineral mixture.
Nari,Growing/Heifer,130.0,10,0.0,3.5,High,Normal,3.65,15.0,65.0,0.55,2.37,7.8,5.2,15.4,Maintain standard balanced ration; ensure clean water and routine mineral mixture.
Nari,Breeding Bull,363.8,85,0.0,3.3,Medium,Normal,8.37,13.0,62.0,1.09,5.19,21.8,14.6,29.1,Maintain standard balanced ration; ensure clean water and routine mineral mixture.
Nari,Calf,67.5,6,0.0,3.3,Low,Normal,1.92,20.0,72.0,0.38,1.38,4.0,2.7,5.4,Maintain standard balanced ration; ensure clean water and routine mineral mixture.
Nari,Dairy Dry,254.6,86,0.0,2.9,Medium,Lumpy Skin Disease,4.48,15.0,62.0,0.67,2.78,16.8,10.7,20.4,"Increase protein and add Vitamin A, D, E and zinc for skin healing and immunity; offer soft palatable feed if appetite is reduced; isolate from herd; ensure fly/vector control."
Nari,Draft/Working Bullock,326.8,91,0.0,3.4,High,Ringworm,8.05,12.0,72.4,0.97,5.83,22.5,14.4,31.1,"Add biotin, zinc and Vitamin A/E supplementation for skin and coat health; maintain hygiene of housing; mild protein boost aids skin recovery; topical antifungal treatment as advised by vet."
Nari,Draft/Working Bullock,283.8,135,0.0,3.3,High,Normal,7.36,11.5,72.4,0.85,5.33,17.0,11.4,27.7,Maintain standard balanced ration; ensure clean water and routine mineral mixture.
Nari,Draft/Working Bullock,274.9,117,0.0,3.0,High,Normal,7.13,11.5,72.4,0.82,5.16,16.5,11.0,27.0,Maintain standard balanced ration; ensure clean water and routine mineral mixture.
Nari,Breeding Bull,280.1,102,0.0,3.2,High,Ringworm,6.61,13.5,62.0,0.89,4.1,19.3,12.3,27.4,"Add biotin, zinc and Vitamin A/E supplementation for skin and coat health; maintain hygiene of housing; mild protein boost aids skin recovery; topical antifungal treatment as advised by vet."
Nari,Growing/Heifer,183.5,9,0.0,2.5,Low,Normal,4.53,15.0,65.0,0.68,2.94,11.0,7.3,14.7,Maintain standard balanced ration; ensure clean water and routine mineral mixture.
Nari,Breeding Bull,323.1,106,0.0,3.1,Medium,FMD,5.35,14.0,65.0,0.75,3.48,20.4,13.6,25.8,Offer soft/gruel feed (mouth lesions reduce chewing) split into more frequent small meals; add electrolytes and energy-dense concentrate; isolate animal; consult vet for antiviral/supportive care.
Nari,Calf,44.1,4,0.0,2.7,Medium,Normal,1.32,20.0,72.0,0.26,0.95,2.6,1.8,3.5,Maintain standard balanced ration; ensure clean water and routine mineral mixture.
Nari,Dairy Dry,305.7,34,0.0,2.5,Low,FMD,4.6,13.5,63.0,0.62,2.9,19.3,12.8,24.5,Offer soft/gruel feed (mouth lesions reduce chewing) split into more frequent small meals; add electrolytes and energy-dense concentrate; isolate animal; consult vet for antiviral/supportive care.
Nari,Breeding Bull,301.8,105,0.0,3.3,Medium,Ringworm,6.59,13.5,62.0,0.89,4.09,20.8,13.3,24.1,"Add biotin, zinc and Vitamin A/E supplementation for skin and coat health; maintain hygiene of housing; mild protein boost aids skin recovery; topical antifungal treatment as advised by vet."
Nari,Dairy Lactating,331.7,36,10.6,2.7,Medium,FMD,9.45,18.6,74.6,1.76,7.05,59.9,38.4,58.3,Offer soft/gruel feed (mouth lesions reduce chewing) split into more frequent small meals; add electrolytes and energy-dense concentrate; isolate animal; consult vet for antiviral/supportive care.
Nari,Draft/Working Bullock,286.3,108,0.0,3.2,Low,FMD,4.7,12.5,62.7,0.59,2.95,18.0,12.0,22.9,Offer soft/gruel feed (mouth lesions reduce chewing) split into more frequent small meals; add electrolytes and energy-dense concentrate; isolate animal; consult vet for antiviral/supportive care.
Nari,Calf,45.5,3,0.0,3.2,Low,Normal,1.3,20.0,72.0,0.26,0.94,2.7,1.8,3.6,Maintain standard balanced ration; ensure clean water and routine mineral mixture.
Nari,Calf,65.8,1,0.0,3.2,Medium,Normal,1.97,20.0,72.0,0.39,1.42,3.9,2.6,5.3,Maintain standard balanced ration; ensure clean water and routine mineral mixture.
Nari,Dairy Lactating,269.6,108,4.7,3.7,Low,Lumpy Skin Disease,7.22,19.8,72.7,1.43,5.25,35.9,22.2,35.7,"Increase protein and add Vitamin A, D, E and zinc for skin healing and immunity; offer soft palatable feed if appetite is reduced; isolate from herd; ensure fly/vector control."
Nari,Growing/Heifer,114.6,17,0.0,3.4,High,FMD,2.32,16.0,68.0,0.37,1.58,7.2,4.8,14.2,Offer soft/gruel feed (mouth lesions reduce chewing) split into more frequent small meals; add electrolytes and energy-dense concentrate; isolate animal; consult vet for antiviral/supportive care.
Nari,Dairy Dry,315.8,88,0.0,3.9,Low,Normal,6.6,12.5,60.0,0.82,3.96,18.9,12.6,25.3,Maintain standard balanced ration; ensure clean water and routine mineral mixture.
Nari,Breeding Bull,290.6,118,0.0,4.3,Medium,Normal,6.22,12.5,60.0,0.78,3.73,17.4,11.6,23.2,Maintain standard balanced ration; ensure clean water and routine mineral mixture.
Nari,Growing/Heifer,168.8,12,0.0,2.6,Medium,Ringworm,4.17,15.5,65.0,0.65,2.71,11.6,7.4,13.5,"Add biotin, zinc and Vitamin A/E supplementation for skin and coat health; maintain hygiene of housing; mild protein boost aids skin recovery; topical antifungal treatment as advised by vet."
Nari,Breeding Bull,318.5,73,0.0,4.0,Low,Normal,6.96,13.0,62.0,0.9,4.32,19.1,12.7,25.5,Maintain standard balanced ration; ensure clean water and routine mineral mixture.
Nimari,Dairy Lactating,345.3,67,6.1,2.8,Medium,Lumpy Skin Disease,9.75,19.9,72.9,1.94,7.11,46.3,28.6,45.9,"Increase protein and add Vitamin A, D, E and zinc for skin healing and immunity; offer soft palatable feed if appetite is reduced; isolate from herd; ensure fly/vector control."
Nimari,Dairy Lactating,354.8,119,7.5,3.5,Medium,Normal,12.89,17.4,71.1,2.24,9.16,47.5,30.7,50.9,Maintain standard balanced ration; ensure clean water and routine mineral mixture.
Nimari,Growing/Heifer,244.9,16,0.0,2.2,Medium,Ringworm,6.53,16.5,68.0,1.08,4.44,16.9,10.8,19.6,"Add biotin, zinc and Vitamin A/E supplementation for skin and coat health; maintain hygiene of housing; mild protein boost aids skin recovery; topical antifungal treatment as advised by vet."
Nimari,Growing/Heifer,206.2,23,0.0,3.1,Medium,FMD,3.86,16.0,68.0,0.62,2.62,13.0,8.7,16.5,Offer soft/gruel feed (mouth lesions reduce chewing) split into more frequent small meals; add electrolytes and energy-dense concentrate; isolate animal; consult vet for antiviral/supportive care.
Nimari,Breeding Bull,436.3,97,0.0,4.0,High,Normal,10.84,13.0,62.0,1.41,6.72,26.2,17.5,39.9,Maintain standard balanced ration; ensure clean water and routine mineral mixture.
Nimari,Dairy Dry,352.3,31,0.0,2.5,Low,FMD,5.3,13.5,63.0,0.72,3.34,22.2,14.8,28.2,Offer soft/gruel feed (mouth lesions reduce chewing) split into more frequent small meals; add electrolytes and energy-dense concentrate; isolate animal; consult vet for antiviral/supportive care.
Nimari,Growing/Heifer,205.5,15,0.0,2.4,Low,Lumpy Skin Disease,4.39,18.5,70.0,0.81,3.07,13.6,8.6,16.4,"Increase protein and add Vitamin A, D, E and zinc for skin healing and immunity; offer soft palatable feed if appetite is reduced; isolate from herd; ensure fly/vector control."
Nimari,Draft/Working Bullock,329.5,124,0.0,3.6,Low,Lumpy Skin Disease,6.01,14.0,61.8,0.84,3.71,21.7,13.8,26.4,"Increase protein and add Vitamin A, D, E and zinc for skin healing and immunity; offer soft palatable feed if appetite is reduced; isolate from herd; ensure fly/vector control."
Nimari,Calf,80.1,5,0.0,3.3,Medium,FMD,1.73,21.0,75.0,0.36,1.3,5.0,3.4,6.4,Offer soft/gruel feed (mouth lesions reduce chewing) split into more frequent small meals; add electrolytes and energy-dense concentrate; isolate animal; consult vet for antiviral/supportive care.
Nimari,Growing/Heifer,252.1,23,0.0,2.4,Medium,Ringworm,6.73,16.5,68.0,1.11,4.58,17.4,11.1,20.2,"Add biotin, zinc and Vitamin A/E supplementation for skin and coat health; maintain hygiene of housing; mild protein boost aids skin recovery; topical antifungal treatment as advised by vet."
Nimari,Dairy Dry,395.7,83,0.0,4.0,Medium,FMD,6.27,13.5,63.0,0.85,3.95,24.9,16.6,31.7,Offer soft/gruel feed (mouth lesions reduce chewing) split into more frequent small meals; add electrolytes and energy-dense concentrate; isolate animal; consult vet for antiviral/supportive care.
Nimari,Calf,49.3,6,0.0,3.2,Medium,Lumpy Skin Disease,1.18,22.5,74.0,0.27,0.87,3.3,2.1,3.9,"Increase protein and add Vitamin A, D, E and zinc for skin healing and immunity; offer soft palatable feed if appetite is reduced; isolate from herd; ensure fly/vector control."
Nimari,Draft/Working Bullock,371.0,114,0.0,3.1,High,Lumpy Skin Disease,7.69,14.0,74.8,1.08,5.75,24.5,15.6,34.7,"Increase protein and add Vitamin A, D, E and zinc for skin healing and immunity; offer soft palatable feed if appetite is reduced; isolate from herd; ensure fly/vector control."
Nimari,Growing/Heifer,148.6,13,0.0,3.0,Low,Normal,3.67,15.0,65.0,0.55,2.39,8.9,5.9,11.9,Maintain standard balanced ration; ensure clean water and routine mineral mixture.
Nimari,Breeding Bull,359.4,39,0.0,3.8,Low,FMD,5.65,14.0,65.0,0.79,3.67,22.6,15.1,28.8,Offer soft/gruel feed (mouth lesions reduce chewing) split into more frequent small meals; add electrolytes and energy-dense concentrate; isolate animal; consult vet for antiviral/supportive care.
Nimari,Dairy Lactating,333.1,30,9.7,2.3,Low,Normal,13.24,18.6,74.5,2.46,9.86,53.9,34.7,55.7,Maintain standard balanced ration; ensure clean water and routine mineral mixture.
Nimari,Calf,67.2,6,0.0,2.7,Low,Normal,1.92,20.0,72.0,0.38,1.38,4.0,2.7,5.4,Maintain standard balanced ration; ensure clean water and routine mineral mixture.
Nimari,Draft/Working Bullock,352.5,64,0.0,3.9,High,Lumpy Skin Disease,7.31,14.0,74.8,1.02,5.47,23.3,14.8,33.2,"Increase protein and add Vitamin A, D, E and zinc for skin healing and immunity; offer soft palatable feed if appetite is reduced; isolate from herd; ensure fly/vector control."
Nimari,Growing/Heifer,193.1,20,0.0,2.5,High,FMD,3.9,16.0,68.0,0.62,2.65,12.2,8.1,20.4,Offer soft/gruel feed (mouth lesions reduce chewing) split into more frequent small meals; add electrolytes and energy-dense concentrate; isolate animal; consult vet for antiviral/supportive care.
Nimari,Dairy Lactating,329.4,76,11.2,3.2,Medium,FMD,9.53,18.7,74.7,1.78,7.12,61.9,39.7,60.0,Offer soft/gruel feed (mouth lesions reduce chewing) split into more frequent small meals; add electrolytes and energy-dense concentrate; isolate animal; consult vet for antiviral/supportive care.
Nimari,Draft/Working Bullock,311.5,25,0.0,3.0,Medium,FMD,5.38,12.5,66.0,0.67,3.55,19.6,13.1,24.9,Offer soft/gruel feed (mouth lesions reduce chewing) split into more frequent small meals; add electrolytes and energy-dense concentrate; isolate animal; consult vet for antiviral/supportive care.
Nimari,Breeding Bull,436.4,55,0.0,3.5,High,Ringworm,10.3,13.5,62.0,1.39,6.39,30.1,19.2,39.9,"Add biotin, zinc and Vitamin A/E supplementation for skin and coat health; maintain hygiene of housing; mild protein boost aids skin recovery; topical antifungal treatment as advised by vet."
Nimari,Dairy Dry,354.0,62,0.0,2.9,High,Lumpy Skin Disease,6.73,15.0,62.0,1.01,4.17,23.4,14.9,33.3,"Increase protein and add Vitamin A, D, E and zinc for skin healing and immunity; offer soft palatable feed if appetite is reduced; isolate from herd; ensure fly/vector control."
Nimari,Dairy Lactating,380.3,95,9.1,2.1,High,Normal,16.49,18.5,74.4,3.05,12.27,54.7,35.2,62.7,Maintain standard balanced ration; ensure clean water and routine mineral mixture.
Ongole,Breeding Bull,555.8,34,0.0,4.4,Medium,Normal,11.89,12.5,60.0,1.49,7.13,33.3,22.2,44.5,Maintain standard balanced ration; ensure clean water and routine mineral mixture.
Ongole,Calf,93.6,2,0.0,3.3,Low,Normal,2.67,20.0,72.0,0.53,1.92,5.6,3.7,7.5,Maintain standard balanced ration; ensure clean water and routine mineral mixture.
Ongole,Breeding Bull,579.4,130,0.0,4.2,Medium,Ringworm,11.77,13.0,60.0,1.53,7.06,40.0,25.5,46.4,"Add biotin, zinc and Vitamin A/E supplementation for skin and coat health; maintain hygiene of housing; mild protein boost aids skin recovery; topical antifungal treatment as advised by vet."
Ongole,Draft/Working Bullock,423.1,111,0.0,3.2,Medium,Normal,10.15,11.5,63.0,1.17,6.39,25.4,16.9,33.8,Maintain standard balanced ration; ensure clean water and routine mineral mixture.
Ongole,Calf,99.4,2,0.0,2.9,Low,Normal,2.83,20.0,72.0,0.57,2.04,6.0,4.0,8.0,Maintain standard balanced ration; ensure clean water and routine mineral mixture.
Ongole,Dairy Dry,494.5,87,0.0,3.1,Low,FMD,7.44,13.5,63.0,1.0,4.69,31.2,20.8,39.6,Offer soft/gruel feed (mouth lesions reduce chewing) split into more frequent small meals; add electrolytes and energy-dense concentrate; isolate animal; consult vet for antiviral/supportive care.
Ongole,Breeding Bull,542.2,24,0.0,4.1,Medium,Lumpy Skin Disease,9.28,15.0,62.0,1.39,5.75,35.8,22.8,43.4,"Increase protein and add Vitamin A, D, E and zinc for skin healing and immunity; offer soft palatable feed if appetite is reduced; isolate from herd; ensure fly/vector control."
Ongole,Calf,103.5,3,0.0,3.2,Low,Normal,2.95,20.0,72.0,0.59,2.12,6.2,4.1,8.3,Maintain standard balanced ration; ensure clean water and routine mineral mixture.
Ongole,Dairy Dry,459.3,78,0.0,3.5,Medium,Normal,10.1,12.5,60.0,1.26,6.06,27.6,18.4,36.7,Maintain standard balanced ration; ensure clean water and routine mineral mixture.
Ongole,Growing/Heifer,352.7,19,0.0,2.4,Medium,Normal,9.9,16.0,68.0,1.58,6.73,21.2,14.1,28.2,Maintain standard balanced ration; ensure clean water and routine mineral mixture.
Ongole,Draft/Working Bullock,456.0,106,0.0,3.9,High,FMD,8.51,12.5,75.9,1.06,6.46,28.7,19.2,41.5,Offer soft/gruel feed (mouth lesions reduce chewing) split into more frequent small meals; add electrolytes and energy-dense concentrate; isolate animal; consult vet for antiviral/supportive care.
Ongole,Calf,49.3,1,0.0,2.8,Medium,Normal,1.48,20.0,72.0,0.3,1.07,3.0,2.0,3.9,Maintain standard balanced ration; ensure clean water and routine mineral mixture.
Ongole,Draft/Working Bullock,535.5,118,0.0,3.0,High,FMD,9.99,12.5,75.9,1.25,7.58,33.7,22.5,47.8,Offer soft/gruel feed (mouth lesions reduce chewing) split into more frequent small meals; add electrolytes and energy-dense concentrate; isolate animal; consult vet for antiviral/supportive care.
Ongole,Breeding Bull,438.2,42,0.0,4.3,Low,Normal,8.9,12.5,60.0,1.11,5.34,26.3,17.5,35.1,Maintain standard balanced ration; ensure clean water and routine mineral mixture.
Ongole,Breeding Bull,601.5,30,0.0,4.5,Medium,Normal,12.87,12.5,60.0,1.61,7.72,36.1,24.1,48.1,Maintain standard balanced ration; ensure clean water and routine mineral mixture.
Ongole,Dairy Lactating,410.1,115,7.0,3.5,Medium,Normal,14.4,17.4,71.0,2.51,10.22,49.1,31.8,53.8,Maintain standard balanced ration; ensure clean water and routine mineral mixture.
Ongole,Growing/Heifer,192.3,14,0.0,3.4,Medium,Normal,5.0,15.0,65.0,0.75,3.25,11.5,7.7,15.4,Maintain standard balanced ration; ensure clean water and routine mineral mixture.
Ongole,Breeding Bull,484.9,108,0.0,3.8,Medium,Normal,11.15,13.0,62.0,1.45,6.91,29.1,19.4,38.8,Maintain standard balanced ration; ensure clean water and routine mineral mixture.
Ongole,Dairy Dry,400.7,51,0.0,2.9,Low,Lumpy Skin Disease,6.7,15.0,62.0,1.0,4.15,26.4,16.8,32.1,"Increase protein and add Vitamin A, D, E and zinc for skin healing and immunity; offer soft palatable feed if appetite is reduced; isolate from herd; ensure fly/vector control."
Ongole,Dairy Dry,526.0,65,0.0,2.7,Medium,Ringworm,10.99,13.0,60.0,1.43,6.59,36.3,23.1,42.1,"Add biotin, zinc and Vitamin A/E supplementation for skin and coat health; maintain hygiene of housing; mild protein boost aids skin recovery; topical antifungal treatment as advised by vet."
Ongole,Dairy Dry,453.8,87,0.0,3.0,Medium,Normal,9.98,12.5,60.0,1.25,5.99,27.2,18.2,36.3,Maintain standard balanced ration; ensure clean water and routine mineral mixture.
Ongole,Breeding Bull,594.1,34,0.0,3.2,Medium,Normal,13.66,13.0,62.0,1.78,8.47,35.6,23.8,47.5,Maintain standard balanced ration; ensure clean water and routine mineral mixture.
Ongole,Draft/Working Bullock,509.1,33,0.0,3.8,High,FMD,9.5,12.5,75.9,1.19,7.21,32.1,21.4,45.7,Offer soft/gruel feed (mouth lesions reduce chewing) split into more frequent small meals; add electrolytes and energy-dense concentrate; isolate animal; consult vet for antiviral/supportive care.
Ongole,Breeding Bull,501.6,98,0.0,4.4,Medium,Normal,10.73,12.5,60.0,1.34,6.44,30.1,20.1,40.1,Maintain standard balanced ration; ensure clean water and routine mineral mixture.
Poda Thirupu,Breeding Bull,271.3,84,0.0,3.6,High,FMD,4.85,14.0,65.0,0.68,3.15,17.1,11.4,26.7,Offer soft/gruel feed (mouth lesions reduce chewing) split into more frequent small meals; add electrolytes and energy-dense concentrate; isolate animal; consult vet for antiviral/supportive care.
Poda Thirupu,Dairy Lactating,246.5,47,6.2,2.8,Medium,FMD,6.66,18.4,73.9,1.23,4.92,38.3,24.7,38.3,Offer soft/gruel feed (mouth lesions reduce chewing) split into more frequent small meals; add electrolytes and energy-dense concentrate; isolate animal; consult vet for antiviral/supportive care.
Poda Thirupu,Breeding Bull,233.3,111,0.0,3.7,Low,Ringworm,4.84,13.5,62.0,0.65,3.0,16.1,10.3,18.7,"Add biotin, zinc and Vitamin A/E supplementation for skin and coat health; maintain hygiene of housing; mild protein boost aids skin recovery; topical antifungal treatment as advised by vet."
Poda Thirupu,Draft/Working Bullock,296.8,135,0.0,3.6,High,Normal,7.69,11.5,72.4,0.88,5.57,17.8,11.9,28.7,Maintain standard balanced ration; ensure clean water and routine mineral mixture.
Poda Thirupu,Growing/Heifer,100.2,22,0.0,2.4,Medium,Normal,2.81,16.0,68.0,0.45,1.91,6.0,4.0,8.0,Maintain standard balanced ration; ensure clean water and routine mineral mixture.
Poda Thirupu,Dairy Lactating,247.0,79,6.0,2.1,High,Normal,10.74,18.4,73.9,1.98,7.94,35.8,23.1,42.8,Maintain standard balanced ration; ensure clean water and routine mineral mixture.
Poda Thirupu,Draft/Working Bullock,263.4,90,0.0,2.9,High,FMD,4.92,12.5,75.9,0.61,3.73,16.6,11.1,26.1,Offer soft/gruel feed (mouth lesions reduce chewing) split into more frequent small meals; add electrolytes and energy-dense concentrate; isolate animal; consult vet for antiviral/supportive care.
Poda Thirupu,Breeding Bull,251.2,46,0.0,3.9,High,Normal,6.24,13.0,62.0,0.81,3.87,15.1,10.0,25.1,Maintain standard balanced ration; ensure clean water and routine mineral mixture.
Poda Thirupu,Dairy Lactating,297.3,78,5.8,2.8,High,Normal,11.51,17.3,70.9,1.99,8.16,38.1,24.7,46.2,Maintain standard balanced ration; ensure clean water and routine mineral mixture.
Poda Thirupu,Dairy Dry,200.7,107,0.0,3.8,Medium,Normal,4.42,12.5,60.0,0.55,2.65,12.0,8.0,16.1,Maintain standard balanced ration; ensure clean water and routine mineral mixture.
Poda Thirupu,Breeding Bull,233.2,106,0.0,3.2,Medium,Lumpy Skin Disease,4.29,15.5,64.0,0.66,2.75,15.4,9.8,18.7,"Increase protein and add Vitamin A, D, E and zinc for skin healing and immunity; offer soft palatable feed if appetite is reduced; isolate from herd; ensure fly/vector control."
Poda Thirupu,Draft/Working Bullock,241.5,53,0.0,3.0,Medium,FMD,4.17,12.5,66.0,0.52,2.75,15.2,10.1,19.3,Offer soft/gruel feed (mouth lesions reduce chewing) split into more frequent small meals; add electrolytes and energy-dense concentrate; isolate animal; consult vet for antiviral/supportive care.
Poda Thirupu,Dairy Dry,259.1,56,0.0,3.5,Medium,Normal,5.7,12.5,60.0,0.71,3.42,15.5,10.4,20.7,Maintain standard balanced ration; ensure clean water and routine mineral mixture.
Poda Thirupu,Growing/Heifer,101.5,12,0.0,3.3,Low,Normal,2.51,15.0,65.0,0.38,1.63,6.1,4.1,8.1,Maintain standard balanced ration; ensure clean water and routine mineral mixture.
Poda Thirupu,Growing/Heifer,190.6,23,0.0,2.8,Low,Lumpy Skin Disease,3.77,17.5,67.0,0.66,2.53,12.6,8.0,15.2,"Increase protein and add Vitamin A, D, E and zinc for skin healing and immunity; offer soft palatable feed if appetite is reduced; isolate from herd; ensure fly/vector control."
Poda Thirupu,Draft/Working Bullock,228.3,129,0.0,2.6,High,Ringworm,5.62,12.0,72.4,0.67,4.07,15.8,10.0,23.3,"Add biotin, zinc and Vitamin A/E supplementation for skin and coat health; maintain hygiene of housing; mild protein boost aids skin recovery; topical antifungal treatment as advised by vet."
Poda Thirupu,Dairy Dry,221.9,51,0.0,3.1,Low,FMD,3.34,13.5,63.0,0.45,2.1,14.0,9.3,17.8,Offer soft/gruel feed (mouth lesions reduce chewing) split into more frequent small meals; add electrolytes and energy-dense concentrate; isolate animal; consult vet for antiviral/supportive care.
Poda Thirupu,Growing/Heifer,124.2,23,0.0,2.5,Medium,FMD,2.33,16.0,68.0,0.37,1.58,7.8,5.2,9.9,Offer soft/gruel feed (mouth lesions reduce chewing) split into more frequent small meals; add electrolytes and energy-dense concentrate; isolate animal; consult vet for antiviral/supportive care.
Poda Thirupu,Growing/Heifer,106.3,19,0.0,2.3,High,Normal,3.22,16.0,68.0,0.52,2.19,6.4,4.3,13.5,Maintain standard balanced ration; ensure clean water and routine mineral mixture.
Poda Thirupu,Dairy Dry,260.6,49,0.0,2.8,High,FMD,4.46,13.5,63.0,0.6,2.81,16.4,10.9,25.8,Offer soft/gruel feed (mouth lesions reduce chewing) split into more frequent small meals; add electrolytes and energy-dense concentrate; isolate animal; consult vet for antiviral/supportive care.
Poda Thirupu,Breeding Bull,279.1,88,0.0,4.0,High,Normal,6.93,13.0,62.0,0.9,4.3,16.7,11.2,27.3,Maintain standard balanced ration; ensure clean water and routine mineral mixture.
Poda Thirupu,Calf,45.0,6,0.0,2.6,Low,Normal,1.28,20.0,72.0,0.26,0.92,2.7,1.8,3.6,Maintain standard balanced ration; ensure clean water and routine mineral mixture.
Poda Thirupu,Growing/Heifer,158.5,22,0.0,2.9,Medium,Lumpy Skin Disease,3.3,17.5,67.0,0.58,2.21,10.5,6.7,12.7,"Increase protein and add Vitamin A, D, E and zinc for skin healing and immunity; offer soft palatable feed if appetite is reduced; isolate from herd; ensure fly/vector control."
Poda Thirupu,Draft/Working Bullock,209.8,97,0.0,2.7,High,Normal,5.44,11.5,72.4,0.63,3.94,12.6,8.4,21.8,Maintain standard balanced ration; ensure clean water and routine mineral mixture.
Pulikulam,Calf,54.4,3,0.0,2.4,Low,Lumpy Skin Disease,1.34,23.5,77.0,0.31,1.03,3.6,2.3,4.4,"Increase protein and add Vitamin A, D, E and zinc for skin healing and immunity; offer soft palatable feed if appetite is reduced; isolate from herd; ensure fly/vector control."
Pulikulam,Calf,51.1,5,0.0,2.6,Low,Lumpy Skin Disease,1.17,22.5,74.0,0.26,0.87,3.4,2.1,4.1,"Increase protein and add Vitamin A, D, E and zinc for skin healing and immunity; offer soft palatable feed if appetite is reduced; isolate from herd; ensure fly/vector control."
Pulikulam,Dairy Dry,260.7,76,0.0,3.1,Medium,Normal,5.74,12.5,60.0,0.72,3.44,15.6,10.4,20.9,Maintain standard balanced ration; ensure clean water and routine mineral mixture.
Pulikulam,Breeding Bull,334.6,78,0.0,4.5,Medium,Normal,7.16,12.5,60.0,0.9,4.3,20.1,13.4,26.8,Maintain standard balanced ration; ensure clean water and routine mineral mixture.
Pulikulam,Breeding Bull,314.0,124,0.0,3.8,Medium,Ringworm,6.86,13.5,62.0,0.93,4.25,21.7,13.8,25.1,"Add biotin, zinc and Vitamin A/E supplementation for skin and coat health; maintain hygiene of housing; mild protein boost aids skin recovery; topical antifungal treatment as advised by vet."
Pulikulam,Breeding Bull,347.0,68,0.0,3.2,High,Normal,8.62,13.0,62.0,1.12,5.34,20.8,13.9,32.8,Maintain standard balanced ration; ensure clean water and routine mineral mixture.
Pulikulam,Growing/Heifer,228.8,21,0.0,2.2,Medium,Lumpy Skin Disease,5.14,18.5,70.0,0.95,3.6,15.1,9.6,18.3,"Increase protein and add Vitamin A, D, E and zinc for skin healing and immunity; offer soft palatable feed if appetite is reduced; isolate from herd; ensure fly/vector control."
Pulikulam,Breeding Bull,353.6,102,0.0,3.2,High,Normal,8.78,13.0,62.0,1.14,5.44,21.2,14.1,33.3,Maintain standard balanced ration; ensure clean water and routine mineral mixture.
Pulikulam,Calf,49.9,2,0.0,2.1,Low,Normal,1.54,21.0,75.0,0.32,1.16,3.0,2.0,4.0,Maintain standard balanced ration; ensure clean water and routine mineral mixture.
Pulikulam,Breeding Bull,367.5,28,0.0,3.6,Medium,Normal,8.45,13.0,62.0,1.1,5.24,22.1,14.7,29.4,Maintain standard balanced ration; ensure clean water and routine mineral mixture.
Pulikulam,Breeding Bull,387.0,31,0.0,4.0,Medium,Normal,8.9,13.0,62.0,1.16,5.52,23.2,15.5,31.0,Maintain standard balanced ration; ensure clean water and routine mineral mixture.
Pulikulam,Draft/Working Bullock,301.8,126,0.0,2.8,High,Normal,7.82,11.5,72.4,0.9,5.66,18.1,12.1,29.1,Maintain standard balanced ration; ensure clean water and routine mineral mixture.
Pulikulam,Draft/Working Bullock,311.5,53,0.0,3.5,Medium,FMD,5.38,12.5,66.0,0.67,3.55,19.6,13.1,24.9,Offer soft/gruel feed (mouth lesions reduce chewing) split into more frequent small meals; add electrolytes and energy-dense concentrate; isolate animal; consult vet for antiviral/supportive care.
Pulikulam,Growing/Heifer,245.6,9,0.0,2.5,Medium,FMD,4.6,16.0,68.0,0.74,3.13,15.5,10.3,19.6,Offer soft/gruel feed (mouth lesions reduce chewing) split into more frequent small meals; add electrolytes and energy-dense concentrate; isolate animal; consult vet for antiviral/supportive care.
Pulikulam,Breeding Bull,327.0,25,0.0,3.1,Low,Lumpy Skin Disease,5.72,15.5,64.0,0.89,3.66,21.6,13.7,26.2,"Increase protein and add Vitamin A, D, E and zinc for skin healing and immunity; offer soft palatable feed if appetite is reduced; isolate from herd; ensure fly/vector control."
Pulikulam,Breeding Bull,319.6,68,0.0,3.3,High,Normal,7.94,13.0,62.0,1.03,4.92,19.2,12.8,30.6,Maintain standard balanced ration; ensure clean water and routine mineral mixture.
Pulikulam,Dairy Dry,250.5,103,0.0,2.8,Medium,FMD,3.97,13.5,63.0,0.54,2.5,15.8,10.5,20.0,Offer soft/gruel feed (mouth lesions reduce chewing) split into more frequent small meals; add electrolytes and energy-dense concentrate; isolate animal; consult vet for antiviral/supportive care.
Pulikulam,Breeding Bull,289.0,61,0.0,3.8,Low,Normal,6.31,13.0,62.0,0.82,3.91,17.3,11.6,23.1,Maintain standard balanced ration; ensure clean water and routine mineral mixture.
Pulikulam,Breeding Bull,365.7,56,0.0,3.8,Medium,Lumpy Skin Disease,6.73,15.5,64.0,1.04,4.31,24.1,15.4,29.3,"Increase protein and add Vitamin A, D, E and zinc for skin healing and immunity; offer soft palatable feed if appetite is reduced; isolate from herd; ensure fly/vector control."
Pulikulam,Dairy Dry,296.1,117,0.0,3.4,Low,Normal,6.19,12.5,60.0,0.77,3.71,17.8,11.8,23.7,Maintain standard balanced ration; ensure clean water and routine mineral mixture.
Pulikulam,Calf,60.3,4,0.0,3.0,Low,Normal,1.72,20.0,72.0,0.34,1.24,3.6,2.4,4.8,Maintain standard balanced ration; ensure clean water and routine mineral mixture.
Pulikulam,Dairy Lactating,303.6,96,8.8,2.5,Low,Normal,11.16,17.5,71.3,1.95,7.96,49.0,31.5,50.7,Maintain standard balanced ration; ensure clean water and routine mineral mixture.
Pulikulam,Draft/Working Bullock,284.2,129,0.0,3.3,Medium,Normal,6.82,11.5,63.0,0.78,4.3,17.1,11.4,22.7,Maintain standard balanced ration; ensure clean water and routine mineral mixture.
Pulikulam,Growing/Heifer,137.3,15,0.0,3.4,Low,Lumpy Skin Disease,2.71,17.5,67.0,0.47,1.82,9.1,5.8,11.0,"Increase protein and add Vitamin A, D, E and zinc for skin healing and immunity; offer soft palatable feed if appetite is reduced; isolate from herd; ensure fly/vector control."
Punganur,Growing/Heifer,71.6,14,0.0,2.3,Low,FMD,1.38,17.0,71.0,0.23,0.98,4.5,3.0,5.7,Offer soft/gruel feed (mouth lesions reduce chewing) split into more frequent small meals; add electrolytes and energy-dense concentrate; isolate animal; consult vet for antiviral/supportive care.
Punganur,Growing/Heifer,37.7,10,0.0,3.4,Medium,Normal,1.0,15.0,65.0,0.15,0.65,2.3,1.5,3.0,Maintain standard balanced ration; ensure clean water and routine mineral mixture.
Punganur,Breeding Bull,148.7,29,0.0,3.5,High,Ringworm,3.51,13.5,62.0,0.47,2.18,10.3,6.5,16.9,"Add biotin, zinc and Vitamin A/E supplementation for skin and coat health; maintain hygiene of housing; mild protein boost aids skin recovery; topical antifungal treatment as advised by vet."
Punganur,Breeding Bull,137.1,59,0.0,4.4,Low,Normal,2.79,12.5,60.0,0.35,1.67,8.2,5.5,11.0,Maintain standard balanced ration; ensure clean water and routine mineral mixture.
Punganur,Breeding Bull,104.4,40,0.0,3.7,Medium,Normal,2.4,13.0,62.0,0.31,1.49,6.3,4.2,8.4,Maintain standard balanced ration; ensure clean water and routine mineral mixture.
Punganur,Dairy Dry,136.6,117,0.0,3.2,Low,Normal,2.85,12.5,60.0,0.36,1.71,8.2,5.5,10.9,Maintain standard balanced ration; ensure clean water and routine mineral mixture.
Punganur,Dairy Lactating,90.5,118,2.6,2.8,Low,Normal,3.32,17.2,70.4,0.57,2.34,14.5,9.3,15.0,Maintain standard balanced ration; ensure clean water and routine mineral mixture.
Punganur,Dairy Lactating,122.9,53,2.4,2.9,Medium,Normal,4.41,17.1,70.4,0.75,3.1,15.8,10.2,17.0,Maintain standard balanced ration; ensure clean water and routine mineral mixture.
Punganur,Dairy Dry,102.6,84,0.0,3.6,Medium,Ringworm,2.14,13.0,60.0,0.28,1.28,7.1,4.5,8.2,"Add biotin, zinc and Vitamin A/E supplementation for skin and coat health; maintain hygiene of housing; mild protein boost aids skin recovery; topical antifungal treatment as advised by vet."
Punganur,Dairy Lactating,100.8,87,2.0,3.2,Low,Normal,3.44,17.1,70.3,0.59,2.42,13.0,8.4,14.1,Maintain standard balanced ration; ensure clean water and routine mineral mixture.
Punganur,Dairy Lactating,123.3,60,4.0,2.4,High,Lumpy Skin Disease,4.57,20.7,75.6,0.95,3.45,23.5,14.4,26.9,"Increase protein and add Vitamin A, D, E and zinc for skin healing and immunity; offer soft palatable feed if appetite is reduced; isolate from herd; ensure fly/vector control."
Punganur,Dairy Dry,100.6,31,0.0,3.2,High,Lumpy Skin Disease,1.91,15.0,62.0,0.29,1.18,6.6,4.2,13.0,"Increase protein and add Vitamin A, D, E and zinc for skin healing and immunity; offer soft palatable feed if appetite is reduced; isolate from herd; ensure fly/vector control."
Punganur,Breeding Bull,148.9,92,0.0,3.5,Medium,FMD,2.47,14.0,65.0,0.35,1.61,9.4,6.3,11.9,Offer soft/gruel feed (mouth lesions reduce chewing) split into more frequent small meals; add electrolytes and energy-dense concentrate; isolate animal; consult vet for antiviral/supportive care.
Punganur,Dairy Dry,131.4,42,0.0,2.6,High,Normal,3.12,12.5,60.0,0.39,1.87,7.9,5.3,15.5,Maintain standard balanced ration; ensure clean water and routine mineral mixture.
Punganur,Draft/Working Bullock,117.0,36,0.0,3.0,Medium,FMD,2.02,12.5,66.0,0.25,1.33,7.4,4.9,9.4,Offer soft/gruel feed (mouth lesions reduce chewing) split into more frequent small meals; add electrolytes and energy-dense concentrate; isolate animal; consult vet for antiviral/supportive care.
Punganur,Dairy Lactating,91.2,74,2.0,3.7,High,Normal,3.6,17.1,70.3,0.62,2.53,12.5,8.0,18.3,Maintain standard balanced ration; ensure clean water and routine mineral mixture.
Punganur,Breeding Bull,132.3,107,0.0,4.2,Medium,FMD,2.04,13.5,63.0,0.28,1.29,8.3,5.6,10.6,Offer soft/gruel feed (mouth lesions reduce chewing) split into more frequent small meals; add electrolytes and energy-dense concentrate; isolate animal; consult vet for antiviral/supportive care.
Punganur,Dairy Dry,134.2,129,0.0,3.8,Medium,Normal,2.95,12.5,60.0,0.37,1.77,8.1,5.4,10.7,Maintain standard balanced ration; ensure clean water and routine mineral mixture.
Punganur,Draft/Working Bullock,142.1,42,0.0,3.5,High,Normal,3.68,11.5,72.4,0.42,2.66,8.5,5.7,16.4,Maintain standard balanced ration; ensure clean water and routine mineral mixture.
Punganur,Breeding Bull,129.8,97,0.0,3.1,Medium,Normal,2.99,13.0,62.0,0.39,1.85,7.8,5.2,10.4,Maintain standard balanced ration; ensure clean water and routine mineral mixture.
Punganur,Draft/Working Bullock,132.6,61,0.0,3.4,Medium,Ringworm,3.02,12.0,63.0,0.36,1.9,9.1,5.8,10.6,"Add biotin, zinc and Vitamin A/E supplementation for skin and coat health; maintain hygiene of housing; mild protein boost aids skin recovery; topical antifungal treatment as advised by vet."
Punganur,Dairy Lactating,121.3,105,2.9,2.3,High,Normal,5.26,18.2,73.4,0.96,3.86,17.4,11.2,23.4,Maintain standard balanced ration; ensure clean water and routine mineral mixture.
Punganur,Growing/Heifer,95.9,15,0.0,2.1,Low,Normal,2.56,16.0,68.0,0.41,1.74,5.8,3.8,7.7,Maintain standard balanced ration; ensure clean water and routine mineral mixture.
Punganur,Calf,14.0,4,0.0,2.6,Medium,Normal,1.0,20.0,72.0,0.2,0.72,0.8,0.6,1.1,Maintain standard balanced ration; ensure clean water and routine mineral mixture.
Purnea,Dairy Lactating,265.5,109,7.5,3.8,Medium,Normal,10.21,17.4,71.1,1.78,7.26,42.2,27.1,43.7,Maintain standard balanced ration; ensure clean water and routine mineral mixture.
Purnea,Dairy Lactating,312.6,86,5.5,3.7,Low,FMD,7.54,18.3,73.8,1.38,5.56,39.9,25.8,41.5,Offer soft/gruel feed (mouth lesions reduce chewing) split into more frequent small meals; add electrolytes and energy-dense concentrate; isolate animal; consult vet for antiviral/supportive care.
Purnea,Dairy Lactating,296.7,90,9.6,3.9,Medium,Normal,11.78,17.6,71.4,2.07,8.41,51.4,33.0,52.5,Maintain standard balanced ration; ensure clean water and routine mineral mixture.
Purnea,Draft/Working Bullock,267.7,93,0.0,3.4,High,FMD,5.0,12.5,75.9,0.62,3.79,16.9,11.2,26.4,Offer soft/gruel feed (mouth lesions reduce chewing) split into more frequent small meals; add electrolytes and energy-dense concentrate; isolate animal; consult vet for antiviral/supportive care.
Purnea,Breeding Bull,331.3,79,0.0,3.5,Medium,Normal,7.62,13.0,62.0,0.99,4.72,19.9,13.3,26.5,Maintain standard balanced ration; ensure clean water and routine mineral mixture.
Purnea,Calf,41.4,4,0.0,2.2,Low,Normal,1.27,21.0,75.0,0.27,0.95,2.5,1.7,3.3,Maintain standard balanced ration; ensure clean water and routine mineral mixture.
Purnea,Growing/Heifer,141.0,18,0.0,3.0,Medium,Lumpy Skin Disease,2.93,17.5,67.0,0.51,1.96,9.3,5.9,11.3,"Increase protein and add Vitamin A, D, E and zinc for skin healing and immunity; offer soft palatable feed if appetite is reduced; isolate from herd; ensure fly/vector control."
Purnea,Dairy Lactating,326.6,31,10.1,3.2,Medium,Normal,12.83,17.6,71.5,2.26,9.17,54.9,35.3,56.4,Maintain standard balanced ration; ensure clean water and routine mineral mixture.
Purnea,Growing/Heifer,206.4,20,0.0,2.4,Medium,FMD,4.17,17.0,71.0,0.71,2.96,13.0,8.7,16.5,Offer soft/gruel feed (mouth lesions reduce chewing) split into more frequent small meals; add electrolytes and energy-dense concentrate; isolate animal; consult vet for antiviral/supportive care.
Purnea,Dairy Dry,276.3,58,0.0,3.1,Low,Lumpy Skin Disease,4.62,15.0,62.0,0.69,2.86,18.2,11.6,22.1,"Increase protein and add Vitamin A, D, E and zinc for skin healing and immunity; offer soft palatable feed if appetite is reduced; isolate from herd; ensure fly/vector control."
Purnea,Breeding Bull,332.4,127,0.0,4.0,Medium,Normal,7.65,13.0,62.0,0.99,4.74,19.9,13.3,26.6,Maintain standard balanced ration; ensure clean water and routine mineral mixture.
Purnea,Growing/Heifer,118.0,9,0.0,3.0,Medium,Normal,3.07,15.0,65.0,0.46,2.0,7.1,4.7,9.4,Maintain standard balanced ration; ensure clean water and routine mineral mixture.
Purnea,Breeding Bull,269.6,86,0.0,3.1,Medium,Normal,6.2,13.0,62.0,0.81,3.84,16.2,10.8,21.6,Maintain standard balanced ration; ensure clean water and routine mineral mixture.
Purnea,Calf,42.9,3,0.0,3.1,Low,Normal,1.22,20.0,72.0,0.24,0.88,2.6,1.7,3.4,Maintain standard balanced ration; ensure clean water and routine mineral mixture.
Purnea,Dairy Dry,284.2,57,0.0,3.0,Medium,Ringworm,5.94,13.0,60.0,0.77,3.56,19.6,12.5,22.7,"Add biotin, zinc and Vitamin A/E supplementation for skin and coat health; maintain hygiene of housing; mild protein boost aids skin recovery; topical antifungal treatment as advised by vet."
Purnea,Dairy Dry,329.1,119,0.0,3.0,High,Ringworm,7.43,13.0,60.0,0.97,4.46,22.7,14.5,31.3,"Add biotin, zinc and Vitamin A/E supplementation for skin and coat health; maintain hygiene of housing; mild protein boost aids skin recovery; topical antifungal treatment as advised by vet."
Purnea,Calf,56.7,3,0.0,2.7,Low,Lumpy Skin Disease,1.29,22.5,74.0,0.29,0.95,3.7,2.4,4.5,"Increase protein and add Vitamin A, D, E and zinc for skin healing and immunity; offer soft palatable feed if appetite is reduced; isolate from herd; ensure fly/vector control."
Purnea,Dairy Dry,262.2,31,0.0,3.7,Low,Lumpy Skin Disease,4.38,15.0,62.0,0.66,2.72,17.3,11.0,21.0,"Increase protein and add Vitamin A, D, E and zinc for skin healing and immunity; offer soft palatable feed if appetite is reduced; isolate from herd; ensure fly/vector control."
Purnea,Dairy Dry,323.8,61,0.0,2.6,Medium,Lumpy Skin Disease,5.7,15.0,62.0,0.85,3.53,21.4,13.6,25.9,"Increase protein and add Vitamin A, D, E and zinc for skin healing and immunity; offer soft palatable feed if appetite is reduced; isolate from herd; ensure fly/vector control."
Purnea,Breeding Bull,372.9,109,0.0,4.0,Medium,Normal,8.58,13.0,62.0,1.12,5.32,22.4,14.9,29.8,Maintain standard balanced ration; ensure clean water and routine mineral mixture.
Purnea,Draft/Working Bullock,254.2,117,0.0,3.9,High,Normal,6.59,11.5,72.4,0.76,4.77,15.3,10.2,25.3,Maintain standard balanced ration; ensure clean water and routine mineral mixture.
Purnea,Draft/Working Bullock,269.9,62,0.0,3.8,High,Normal,7.0,11.5,72.4,0.81,5.07,16.2,10.8,26.6,Maintain standard balanced ration; ensure clean water and routine mineral mixture.
Purnea,Calf,53.6,2,0.0,2.3,Low,Normal,1.65,21.0,75.0,0.35,1.24,3.2,2.1,4.3,Maintain standard balanced ration; ensure clean water and routine mineral mixture.
Purnea,Growing/Heifer,227.2,7,0.0,3.0,Medium,Normal,5.91,15.0,65.0,0.89,3.84,13.6,9.1,18.2,Maintain standard balanced ration; ensure clean water and routine mineral mixture.
Rathi,Calf,39.5,2,0.0,2.9,Medium,Ringworm,1.13,20.5,72.0,0.23,0.81,2.7,1.7,3.2,"Add biotin, zinc and Vitamin A/E supplementation for skin and coat health; maintain hygiene of housing; mild protein boost aids skin recovery; topical antifungal treatment as advised by vet."
Rathi,Draft/Working Bullock,306.0,31,0.0,3.5,High,Lumpy Skin Disease,6.35,14.0,74.8,0.89,4.75,20.2,12.9,29.5,"Increase protein and add Vitamin A, D, E and zinc for skin healing and immunity; offer soft palatable feed if appetite is reduced; isolate from herd; ensure fly/vector control."
Rathi,Growing/Heifer,176.4,22,0.0,3.2,Medium,Lumpy Skin Disease,3.67,17.5,67.0,0.64,2.46,11.6,7.4,14.1,"Increase protein and add Vitamin A, D, E and zinc for skin healing and immunity; offer soft palatable feed if appetite is reduced; isolate from herd; ensure fly/vector control."
Rathi,Dairy Dry,319.3,123,0.0,3.5,Medium,Normal,7.02,12.5,60.0,0.88,4.21,19.2,12.8,25.5,Maintain standard balanced ration; ensure clean water and routine mineral mixture.
Rathi,Calf,70.5,4,0.0,2.8,Low,FMD,1.45,21.0,75.0,0.3,1.09,4.4,3.0,5.6,Offer soft/gruel feed (mouth lesions reduce chewing) split into more frequent small meals; add electrolytes and energy-dense concentrate; isolate animal; consult vet for antiviral/supportive care.
Rathi,Breeding Bull,355.7,68,0.0,4.3,Medium,Ringworm,7.23,13.0,60.0,0.94,4.34,24.5,15.7,28.5,"Add biotin, zinc and Vitamin A/E supplementation for skin and coat health; maintain hygiene of housing; mild protein boost aids skin recovery; topical antifungal treatment as advised by vet."
Rathi,Growing/Heifer,194.0,9,0.0,3.2,Medium,Normal,5.04,15.0,65.0,0.76,3.28,11.6,7.8,15.5,Maintain standard balanced ration; ensure clean water and routine mineral mixture.
Rathi,Draft/Working Bullock,337.9,88,0.0,2.8,Low,Ringworm,7.32,12.0,59.8,0.88,4.38,23.3,14.9,27.0,"Add biotin, zinc and Vitamin A/E supplementation for skin and coat health; maintain hygiene of housing; mild protein boost aids skin recovery; topical antifungal treatment as advised by vet."
Rathi,Breeding Bull,335.2,54,0.0,4.5,High,Normal,7.74,12.5,60.0,0.97,4.64,20.1,13.4,31.8,Maintain standard balanced ration; ensure clean water and routine mineral mixture.
Rathi,Draft/Working Bullock,376.6,87,0.0,2.7,Medium,Normal,9.04,11.5,63.0,1.04,5.7,22.6,15.1,30.1,Maintain standard balanced ration; ensure clean water and routine mineral mixture.
Rathi,Dairy Lactating,309.6,44,8.7,2.1,High,Normal,13.88,18.5,74.3,2.57,10.31,49.0,31.5,55.9,Maintain standard balanced ration; ensure clean water and routine mineral mixture.
Rathi,Calf,38.1,2,0.0,2.0,Medium,Normal,1.23,21.0,75.0,0.26,0.92,2.3,1.5,3.0,Maintain standard balanced ration; ensure clean water and routine mineral mixture.
Rathi,Dairy Dry,362.4,97,0.0,3.4,Low,Normal,7.57,12.5,60.0,0.95,4.54,21.7,14.5,29.0,Maintain standard balanced ration; ensure clean water and routine mineral mixture.
Rathi,Draft/Working Bullock,301.3,33,0.0,3.9,High,Ringworm,7.42,12.0,72.4,0.89,5.37,20.8,13.3,29.1,"Add biotin, zinc and Vitamin A/E supplementation for skin and coat health; maintain hygiene of housing; mild protein boost aids skin recovery; topical antifungal treatment as advised by vet."
Rathi,Calf,70.1,4,0.0,2.8,Medium,Normal,2.1,20.0,72.0,0.42,1.51,4.2,2.8,5.6,Maintain standard balanced ration; ensure clean water and routine mineral mixture.
Rathi,Dairy Lactating,305.8,120,8.4,3.1,Medium,Lumpy Skin Disease,9.36,20.0,73.3,1.87,6.86,52.5,32.2,49.7,"Increase protein and add Vitamin A, D, E and zinc for skin healing and immunity; offer soft palatable feed if appetite is reduced; isolate from herd; ensure fly/vector control."
Rathi,Calf,78.1,2,0.0,3.1,Low,Normal,2.23,20.0,72.0,0.45,1.61,4.7,3.1,6.2,Maintain standard balanced ration; ensure clean water and routine mineral mixture.
Rathi,Breeding Bull,355.3,108,0.0,3.3,Medium,Normal,8.17,13.0,62.0,1.06,5.07,21.3,14.2,28.4,Maintain standard balanced ration; ensure clean water and routine mineral mixture.
Rathi,Calf,65.4,6,0.0,3.1,Low,Normal,1.86,20.0,72.0,0.37,1.34,3.9,2.6,5.2,Maintain standard balanced ration; ensure clean water and routine mineral mixture.
Rathi,Growing/Heifer,170.4,24,0.0,2.2,High,Normal,5.17,16.0,68.0,0.83,3.52,10.2,6.8,18.6,Maintain standard balanced ration; ensure clean water and routine mineral mixture.
Rathi,Dairy Lactating,355.0,70,12.4,3.7,Medium,FMD,10.35,18.7,74.9,1.94,7.75,67.9,43.6,65.6,Offer soft/gruel feed (mouth lesions reduce chewing) split into more frequent small meals; add electrolytes and energy-dense concentrate; isolate animal; consult vet for antiviral/supportive care.
Rathi,Draft/Working Bullock,360.8,65,0.0,3.3,Medium,Lumpy Skin Disease,6.93,14.0,65.0,0.97,4.5,23.8,15.2,28.9,"Increase protein and add Vitamin A, D, E and zinc for skin healing and immunity; offer soft palatable feed if appetite is reduced; isolate from herd; ensure fly/vector control."
Rathi,Draft/Working Bullock,336.0,56,0.0,3.2,High,Normal,8.71,11.5,72.4,1.0,6.31,20.2,13.4,31.9,Maintain standard balanced ration; ensure clean water and routine mineral mixture.
Rathi,Calf,64.8,3,0.0,3.5,Low,Normal,1.85,20.0,72.0,0.37,1.33,3.9,2.6,5.2,Maintain standard balanced ration; ensure clean water and routine mineral mixture.
Red Dane cattle,Growing/Heifer,348.4,13,0.0,3.2,Medium,Normal,9.06,15.0,65.0,1.36,5.89,20.9,13.9,27.9,Maintain standard balanced ration; ensure clean water and routine mineral mixture.
Red Dane cattle,Breeding Bull,664.5,89,0.0,3.2,Low,Normal,14.52,13.0,62.0,1.89,9.0,39.9,26.6,53.2,Maintain standard balanced ration; ensure clean water and routine mineral mixture.
Red Dane cattle,Growing/Heifer,291.8,15,0.0,2.3,High,Normal,8.85,16.0,68.0,1.42,6.02,17.5,11.7,28.3,Maintain standard balanced ration; ensure clean water and routine mineral mixture.
Red Dane cattle,Dairy Dry,637.7,102,0.0,3.6,Medium,Lumpy Skin Disease,11.22,15.0,62.0,1.68,6.96,42.1,26.8,51.0,"Increase protein and add Vitamin A, D, E and zinc for skin healing and immunity; offer soft palatable feed if appetite is reduced; isolate from herd; ensure fly/vector control."
Red Dane cattle,Growing/Heifer,410.5,22,0.0,2.9,High,FMD,8.3,16.0,68.0,1.33,5.64,25.9,17.2,37.8,Offer soft/gruel feed (mouth lesions reduce chewing) split into more frequent small meals; add electrolytes and energy-dense concentrate; isolate animal; consult vet for antiviral/supportive care.
Red Dane cattle,Dairy Lactating,609.6,34,16.2,2.2,Low,Lumpy Skin Disease,19.0,21.5,77.4,4.08,14.71,102.6,63.0,97.4,"Increase protein and add Vitamin A, D, E and zinc for skin healing and immunity; offer soft palatable feed if appetite is reduced; isolate from herd; ensure fly/vector control."
Red Dane cattle,Dairy Lactating,562.5,85,18.2,3.7,Low,FMD,15.28,19.1,75.7,2.92,11.57,102.3,65.7,99.6,Offer soft/gruel feed (mouth lesions reduce chewing) split into more frequent small meals; add electrolytes and energy-dense concentrate; isolate animal; consult vet for antiviral/supportive care.
Red Dane cattle,Breeding Bull,651.5,25,0.0,3.1,Medium,Normal,14.98,13.0,62.0,1.95,9.29,39.1,26.1,52.1,Maintain standard balanced ration; ensure clean water and routine mineral mixture.
Red Dane cattle,Breeding Bull,606.5,43,0.0,3.2,Medium,Ringworm,13.25,13.5,62.0,1.79,8.21,41.8,26.7,48.5,"Add biotin, zinc and Vitamin A/E supplementation for skin and coat health; maintain hygiene of housing; mild protein boost aids skin recovery; topical antifungal treatment as advised by vet."
Red Dane cattle,Dairy Dry,589.3,126,0.0,3.3,Low,Normal,12.32,12.5,60.0,1.54,7.39,35.4,23.6,47.1,Maintain standard balanced ration; ensure clean water and routine mineral mixture.
Red Dane cattle,Dairy Dry,519.8,48,0.0,2.6,Medium,Normal,11.44,12.5,60.0,1.43,6.86,31.2,20.8,41.6,Maintain standard balanced ration; ensure clean water and routine mineral mixture.
Red Dane cattle,Dairy Dry,512.8,63,0.0,3.3,Medium,Normal,11.28,12.5,60.0,1.41,6.77,30.8,20.5,41.0,Maintain standard balanced ration; ensure clean water and routine mineral mixture.
Red Dane cattle,Growing/Heifer,328.8,22,0.0,3.0,Low,FMD,5.85,16.0,68.0,0.94,3.98,20.7,13.8,26.3,Offer soft/gruel feed (mouth lesions reduce chewing) split into more frequent small meals; add electrolytes and energy-dense concentrate; isolate animal; consult vet for antiviral/supportive care.
Red Dane cattle,Draft/Working Bullock,536.9,91,0.0,2.6,High,Normal,13.92,11.5,72.4,1.6,10.08,32.2,21.5,48.0,Maintain standard balanced ration; ensure clean water and routine mineral mixture.
Red Dane cattle,Breeding Bull,548.9,35,0.0,3.5,Low,Normal,11.99,13.0,62.0,1.56,7.43,32.9,22.0,43.9,Maintain standard balanced ration; ensure clean water and routine mineral mixture.
Red Dane cattle,Draft/Working Bullock,615.5,27,0.0,2.8,Medium,Lumpy Skin Disease,11.82,14.0,65.0,1.65,7.68,40.6,25.9,49.2,"Increase protein and add Vitamin A, D, E and zinc for skin healing and immunity; offer soft palatable feed if appetite is reduced; isolate from herd; ensure fly/vector control."
Red Dane cattle,Dairy Dry,521.9,109,0.0,2.6,High,Normal,12.4,12.5,60.0,1.55,7.44,31.3,20.9,46.8,Maintain standard balanced ration; ensure clean water and routine mineral mixture.
Red Dane cattle,Dairy Lactating,613.7,49,19.7,2.2,Low,Ringworm,23.71,19.7,76.0,4.67,18.02,121.6,74.7,108.2,"Add biotin, zinc and Vitamin A/E supplementation for skin and coat health; maintain hygiene of housing; mild protein boost aids skin recovery; topical antifungal treatment as advised by vet."
Red Dane cattle,Growing/Heifer,214.7,16,0.0,2.2,Medium,Normal,6.03,16.0,68.0,0.96,4.1,12.9,8.6,17.2,Maintain standard balanced ration; ensure clean water and routine mineral mixture.
Red Dane cattle,Growing/Heifer,253.0,24,0.0,3.1,Medium,FMD,4.74,16.0,68.0,0.76,3.22,15.9,10.6,20.2,Offer soft/gruel feed (mouth lesions reduce chewing) split into more frequent small meals; add electrolytes and energy-dense concentrate; isolate animal; consult vet for antiviral/supportive care.
Red Dane cattle,Growing/Heifer,318.4,7,0.0,2.8,Low,Normal,7.86,15.0,65.0,1.18,5.11,19.1,12.7,25.5,Maintain standard balanced ration; ensure clean water and routine mineral mixture.
Red Dane cattle,Growing/Heifer,222.1,15,0.0,2.0,Medium,Normal,6.24,16.0,68.0,1.0,4.24,13.3,8.9,17.8,Maintain standard balanced ration; ensure clean water and routine mineral mixture.
Red Dane cattle,Draft/Working Bullock,629.6,70,0.0,2.5,High,FMD,11.75,12.5,75.9,1.47,8.92,39.7,26.4,55.4,Offer soft/gruel feed (mouth lesions reduce chewing) split into more frequent small meals; add electrolytes and energy-dense concentrate; isolate animal; consult vet for antiviral/supportive care.
Red Dane cattle,Growing/Heifer,335.6,19,0.0,3.4,Medium,FMD,6.28,16.0,68.0,1.0,4.27,21.1,14.1,26.8,Offer soft/gruel feed (mouth lesions reduce chewing) split into more frequent small meals; add electrolytes and energy-dense concentrate; isolate animal; consult vet for antiviral/supportive care.
Red kandhari,Calf,50.2,2,0.0,2.8,Medium,Normal,1.51,20.0,72.0,0.3,1.09,3.0,2.0,4.0,Maintain standard balanced ration; ensure clean water and routine mineral mixture.
Red kandhari,Breeding Bull,353.0,63,0.0,3.2,Medium,Normal,8.12,13.0,62.0,1.06,5.03,21.2,14.1,28.2,Maintain standard balanced ration; ensure clean water and routine mineral mixture.
Red kandhari,Draft/Working Bullock,323.6,62,0.0,4.0,High,Lumpy Skin Disease,6.71,14.0,74.8,0.94,5.02,21.4,13.6,30.9,"Increase protein and add Vitamin A, D, E and zinc for skin healing and immunity; offer soft palatable feed if appetite is reduced; isolate from herd; ensure fly/vector control."
Red kandhari,Draft/Working Bullock,387.9,56,0.0,3.8,High,Normal,10.05,11.5,72.4,1.16,7.28,23.3,15.5,36.0,Maintain standard balanced ration; ensure clean water and routine mineral mixture.
Red kandhari,Breeding Bull,339.1,59,0.0,3.6,Low,Lumpy Skin Disease,5.93,15.5,64.0,0.92,3.8,22.4,14.2,27.1,"Increase protein and add Vitamin A, D, E and zinc for skin healing and immunity; offer soft palatable feed if appetite is reduced; isolate from herd; ensure fly/vector control."
Red kandhari,Breeding Bull,395.1,110,0.0,3.3,Low,Normal,8.63,13.0,62.0,1.12,5.35,23.7,15.8,31.6,Maintain standard balanced ration; ensure clean water and routine mineral mixture.
Red kandhari,Dairy Lactating,332.9,107,8.6,2.4,Low,Normal,12.89,18.5,74.3,2.38,9.58,50.1,32.2,52.4,Maintain standard balanced ration; ensure clean water and routine mineral mixture.
Red kandhari,Growing/Heifer,175.5,11,0.0,2.8,Low,Ringworm,4.12,15.5,65.0,0.64,2.68,12.1,7.7,14.0,"Add biotin, zinc and Vitamin A/E supplementation for skin and coat health; maintain hygiene of housing; mild protein boost aids skin recovery; topical antifungal treatment as advised by vet."
Red kandhari,Growing/Heifer,169.7,12,0.0,3.4,Low,Normal,4.19,15.0,65.0,0.63,2.72,10.2,6.8,13.6,Maintain standard balanced ration; ensure clean water and routine mineral mixture.
Red kandhari,Growing/Heifer,254.6,7,0.0,2.6,Medium,Normal,6.62,15.0,65.0,0.99,4.3,15.3,10.2,20.4,Maintain standard balanced ration; ensure clean water and routine mineral mixture.
Red kandhari,Draft/Working Bullock,327.4,118,0.0,3.7,Medium,Normal,7.86,11.5,63.0,0.9,4.95,19.6,13.1,26.2,Maintain standard balanced ration; ensure clean water and routine mineral mixture.
Red kandhari,Breeding Bull,354.5,102,0.0,3.3,Low,FMD,5.58,14.0,65.0,0.78,3.63,22.3,14.9,28.4,Offer soft/gruel feed (mouth lesions reduce chewing) split into more frequent small meals; add electrolytes and energy-dense concentrate; isolate animal; consult vet for antiviral/supportive care.
Red kandhari,Dairy Lactating,368.8,40,9.0,3.0,Medium,Lumpy Skin Disease,11.01,20.0,73.3,2.2,8.07,59.0,36.3,56.5,"Increase protein and add Vitamin A, D, E and zinc for skin healing and immunity; offer soft palatable feed if appetite is reduced; isolate from herd; ensure fly/vector control."
Red kandhari,Dairy Lactating,385.2,53,9.6,2.3,Low,Normal,14.81,18.6,74.4,2.75,11.02,56.7,36.5,59.6,Maintain standard balanced ration; ensure clean water and routine mineral mixture.
Red kandhari,Calf,78.8,3,0.0,3.0,Low,Normal,2.25,20.0,72.0,0.45,1.62,4.7,3.2,6.3,Maintain standard balanced ration; ensure clean water and routine mineral mixture.
Red kandhari,Growing/Heifer,243.2,21,0.0,2.5,Medium,Normal,6.32,15.0,65.0,0.95,4.11,14.6,9.7,19.5,Maintain standard balanced ration; ensure clean water and routine mineral mixture.
Red kandhari,Dairy Dry,304.2,129,0.0,3.6,Medium,Normal,6.69,12.5,60.0,0.84,4.01,18.3,12.2,24.3,Maintain standard balanced ration; ensure clean water and routine mineral mixture.
Red kandhari,Breeding Bull,385.9,119,0.0,4.0,Medium,Normal,8.88,13.0,62.0,1.15,5.51,23.2,15.4,30.9,Maintain standard balanced ration; ensure clean water and routine mineral mixture.
Red kandhari,Calf,61.7,4,0.0,3.3,Low,Normal,1.76,20.0,72.0,0.35,1.27,3.7,2.5,4.9,Maintain standard balanced ration; ensure clean water and routine mineral mixture.
Red kandhari,Draft/Working Bullock,355.8,29,0.0,3.3,High,Normal,9.22,11.5,72.4,1.06,6.68,21.3,14.2,33.5,Maintain standard balanced ration; ensure clean water and routine mineral mixture.
Red kandhari,Dairy Lactating,339.8,86,7.2,3.7,Medium,Normal,12.35,17.4,71.1,2.15,8.78,45.6,29.4,48.8,Maintain standard balanced ration; ensure clean water and routine mineral mixture.
Red kandhari,Breeding Bull,419.0,30,0.0,3.7,Medium,Normal,9.64,13.0,62.0,1.25,5.98,25.1,16.8,33.5,Maintain standard balanced ration; ensure clean water and routine mineral mixture.
Red kandhari,Breeding Bull,345.9,38,0.0,4.3,Medium,Normal,7.4,12.5,60.0,0.93,4.44,20.8,13.8,27.7,Maintain standard balanced ration; ensure clean water and routine mineral mixture.
Red kandhari,Dairy Lactating,302.5,87,7.3,3.8,High,Ringworm,11.56,17.9,71.1,2.07,8.22,50.3,31.0,51.1,"Add biotin, zinc and Vitamin A/E supplementation for skin and coat health; maintain hygiene of housing; mild protein boost aids skin recovery; topical antifungal treatment as advised by vet."
Red_Sindhi,Calf,53.0,3,0.0,3.1,Low,Lumpy Skin Disease,1.21,22.5,74.0,0.27,0.9,3.5,2.2,4.2,"Increase protein and add Vitamin A, D, E and zinc for skin healing and immunity; offer soft palatable feed if appetite is reduced; isolate from herd; ensure fly/vector control."
Red_Sindhi,Calf,71.2,1,0.0,2.1,Medium,Lumpy Skin Disease,1.85,23.5,77.0,0.43,1.42,4.7,3.0,5.7,"Increase protein and add Vitamin A, D, E and zinc for skin healing and immunity; offer soft palatable feed if appetite is reduced; isolate from herd; ensure fly/vector control."
Red_Sindhi,Breeding Bull,417.4,102,0.0,3.6,Medium,Ringworm,9.12,13.5,62.0,1.23,5.65,28.8,18.4,33.4,"Add biotin, zinc and Vitamin A/E supplementation for skin and coat health; maintain hygiene of housing; mild protein boost aids skin recovery; topical antifungal treatment as advised by vet."
Red_Sindhi,Breeding Bull,395.7,108,0.0,3.2,Medium,Normal,9.1,13.0,62.0,1.18,5.64,23.7,15.8,31.7,Maintain standard balanced ration; ensure clean water and routine mineral mixture.
Red_Sindhi,Dairy Lactating,373.0,69,12.8,2.6,Low,Ringworm,13.56,18.3,71.9,2.48,9.75,77.3,47.4,68.2,"Add biotin, zinc and Vitamin A/E supplementation for skin and coat health; maintain hygiene of housing; mild protein boost aids skin recovery; topical antifungal treatment as advised by vet."
Red_Sindhi,Growing/Heifer,194.9,7,0.0,2.7,High,Normal,5.47,15.0,65.0,0.82,3.56,11.7,7.8,20.6,Maintain standard balanced ration; ensure clean water and routine mineral mixture.
Red_Sindhi,Calf,75.7,5,0.0,2.9,Low,Normal,2.16,20.0,72.0,0.43,1.56,4.5,3.0,6.1,Maintain standard balanced ration; ensure clean water and routine mineral mixture.
Red_Sindhi,Calf,62.3,5,0.0,2.8,Medium,FMD,1.35,21.0,75.0,0.28,1.01,3.9,2.6,5.0,Offer soft/gruel feed (mouth lesions reduce chewing) split into more frequent small meals; add electrolytes and energy-dense concentrate; isolate animal; consult vet for antiviral/supportive care.
Red_Sindhi,Growing/Heifer,129.5,8,0.0,2.5,Low,Normal,3.2,15.0,65.0,0.48,2.08,7.8,5.2,10.4,Maintain standard balanced ration; ensure clean water and routine mineral mixture.
Red_Sindhi,Breeding Bull,375.4,101,0.0,3.1,Medium,Normal,8.63,13.0,62.0,1.12,5.35,22.5,15.0,30.0,Maintain standard balanced ration; ensure clean water and routine mineral mixture.
Red_Sindhi,Draft/Working Bullock,361.1,60,0.0,3.5,High,Lumpy Skin Disease,7.49,14.0,74.8,1.05,5.6,23.8,15.2,33.9,"Increase protein and add Vitamin A, D, E and zinc for skin healing and immunity; offer soft palatable feed if appetite is reduced; isolate from herd; ensure fly/vector control."
Red_Sindhi,Growing/Heifer,218.3,21,0.0,2.1,Medium,Normal,6.13,16.0,68.0,0.98,4.17,13.1,8.7,17.5,Maintain standard balanced ration; ensure clean water and routine mineral mixture.
Red_Sindhi,Dairy Dry,375.8,38,0.0,3.8,Low,Normal,7.85,12.5,60.0,0.98,4.71,22.5,15.0,30.1,Maintain standard balanced ration; ensure clean water and routine mineral mixture.
Red_Sindhi,Calf,75.5,6,0.0,2.6,Low,Normal,2.15,20.0,72.0,0.43,1.55,4.5,3.0,6.0,Maintain standard balanced ration; ensure clean water and routine mineral mixture.
Red_Sindhi,Calf,68.2,1,0.0,2.8,Low,Lumpy Skin Disease,1.55,22.5,74.0,0.35,1.15,4.5,2.9,5.5,"Increase protein and add Vitamin A, D, E and zinc for skin healing and immunity; offer soft palatable feed if appetite is reduced; isolate from herd; ensure fly/vector control."
Red_Sindhi,Breeding Bull,415.8,124,0.0,3.9,Medium,Normal,9.56,13.0,62.0,1.24,5.93,24.9,16.6,33.3,Maintain standard balanced ration; ensure clean water and routine mineral mixture.
Red_Sindhi,Breeding Bull,428.9,69,0.0,3.7,Medium,Normal,9.86,13.0,62.0,1.28,6.11,25.7,17.2,34.3,Maintain standard balanced ration; ensure clean water and routine mineral mixture.
Red_Sindhi,Growing/Heifer,252.1,14,0.0,2.0,Low,FMD,4.84,17.0,71.0,0.82,3.44,15.9,10.6,20.2,Offer soft/gruel feed (mouth lesions reduce chewing) split into more frequent small meals; add electrolytes and energy-dense concentrate; isolate animal; consult vet for antiviral/supportive care.
Red_Sindhi,Calf,79.7,6,0.0,3.5,Low,Normal,2.27,20.0,72.0,0.45,1.63,4.8,3.2,6.4,Maintain standard balanced ration; ensure clean water and routine mineral mixture.
Red_Sindhi,Breeding Bull,364.4,127,0.0,3.3,Low,Lumpy Skin Disease,6.37,15.5,64.0,0.99,4.08,24.1,15.3,29.2,"Increase protein and add Vitamin A, D, E and zinc for skin healing and immunity; offer soft palatable feed if appetite is reduced; isolate from herd; ensure fly/vector control."
Red_Sindhi,Dairy Lactating,350.7,68,7.5,2.0,Medium,Normal,13.79,18.4,74.1,2.54,10.22,47.3,30.5,50.6,Maintain standard balanced ration; ensure clean water and routine mineral mixture.
Red_Sindhi,Draft/Working Bullock,361.6,96,0.0,2.5,Medium,Normal,8.68,11.5,63.0,1.0,5.47,21.7,14.5,28.9,Maintain standard balanced ration; ensure clean water and routine mineral mixture.
Red_Sindhi,Dairy Lactating,347.9,116,8.5,2.1,Low,Normal,13.32,18.5,74.3,2.46,9.9,50.6,32.6,53.3,Maintain standard balanced ration; ensure clean water and routine mineral mixture.
Red_Sindhi,Dairy Dry,389.6,98,0.0,3.2,High,Ringworm,8.79,13.0,60.0,1.14,5.27,26.9,17.1,36.2,"Add biotin, zinc and Vitamin A/E supplementation for skin and coat health; maintain hygiene of housing; mild protein boost aids skin recovery; topical antifungal treatment as advised by vet."
Sahiwal,Calf,61.0,5,0.0,2.5,Low,Normal,1.74,20.0,72.0,0.35,1.25,3.7,2.4,4.9,Maintain standard balanced ration; ensure clean water and routine mineral mixture.
Sahiwal,Draft/Working Bullock,430.0,66,0.0,3.8,Medium,Ringworm,9.8,12.0,63.0,1.18,6.17,29.7,18.9,34.4,"Add biotin, zinc and Vitamin A/E supplementation for skin and coat health; maintain hygiene of housing; mild protein boost aids skin recovery; topical antifungal treatment as advised by vet."
Sahiwal,Dairy Lactating,383.9,33,8.6,3.1,Low,FMD,9.64,18.5,74.3,1.78,7.16,55.8,36.0,56.5,Offer soft/gruel feed (mouth lesions reduce chewing) split into more frequent small meals; add electrolytes and energy-dense concentrate; isolate animal; consult vet for antiviral/supportive care.
Sahiwal,Growing/Heifer,295.8,10,0.0,3.1,Medium,Normal,7.69,15.0,65.0,1.15,5.0,17.7,11.8,23.7,Maintain standard balanced ration; ensure clean water and routine mineral mixture.
Sahiwal,Dairy Dry,399.7,41,0.0,2.9,Medium,Ringworm,8.35,13.0,60.0,1.09,5.01,27.6,17.6,32.0,"Add biotin, zinc and Vitamin A/E supplementation for skin and coat health; maintain hygiene of housing; mild protein boost aids skin recovery; topical antifungal treatment as advised by vet."
Sahiwal,Growing/Heifer,170.1,23,0.0,3.2,Medium,Ringworm,4.2,15.5,65.0,0.65,2.73,11.7,7.5,13.6,"Add biotin, zinc and Vitamin A/E supplementation for skin and coat health; maintain hygiene of housing; mild protein boost aids skin recovery; topical antifungal treatment as advised by vet."
Sahiwal,Dairy Dry,352.5,94,0.0,3.2,Medium,Normal,7.75,12.5,60.0,0.97,4.65,21.2,14.1,28.2,Maintain standard balanced ration; ensure clean water and routine mineral mixture.
Sahiwal,Dairy Dry,437.4,123,0.0,3.0,Medium,Lumpy Skin Disease,7.7,15.0,62.0,1.16,4.77,28.9,18.4,35.0,"Increase protein and add Vitamin A, D, E and zinc for skin healing and immunity; offer soft palatable feed if appetite is reduced; isolate from herd; ensure fly/vector control."
Sahiwal,Calf,76.2,5,0.0,3.1,Low,Lumpy Skin Disease,1.74,22.5,74.0,0.39,1.29,5.0,3.2,6.1,"Increase protein and add Vitamin A, D, E and zinc for skin healing and immunity; offer soft palatable feed if appetite is reduced; isolate from herd; ensure fly/vector control."
Sahiwal,Breeding Bull,399.4,38,0.0,4.0,Medium,Normal,9.19,13.0,62.0,1.19,5.7,24.0,16.0,32.0,Maintain standard balanced ration; ensure clean water and routine mineral mixture.
Sahiwal,Dairy Dry,360.3,35,0.0,3.6,Medium,Normal,7.93,12.5,60.0,0.99,4.76,21.6,14.4,28.8,Maintain standard balanced ration; ensure clean water and routine mineral mixture.
Sahiwal,Dairy Lactating,439.2,111,9.4,2.4,Low,Normal,16.41,18.6,74.4,3.05,12.21,59.3,38.2,63.3,Maintain standard balanced ration; ensure clean water and routine mineral mixture.
Sahiwal,Dairy Dry,361.8,115,0.0,2.7,Low,Normal,7.56,12.5,60.0,0.94,4.54,21.7,14.5,28.9,Maintain standard balanced ration; ensure clean water and routine mineral mixture.
Sahiwal,Breeding Bull,413.8,95,0.0,3.5,Medium,Normal,9.52,13.0,62.0,1.24,5.9,24.8,16.6,33.1,Maintain standard balanced ration; ensure clean water and routine mineral mixture.
Sahiwal,Draft/Working Bullock,378.3,126,0.0,2.9,Low,FMD,6.21,12.5,62.7,0.78,3.89,23.8,15.9,30.3,Offer soft/gruel feed (mouth lesions reduce chewing) split into more frequent small meals; add electrolytes and energy-dense concentrate; isolate animal; consult vet for antiviral/supportive care.
Sahiwal,Dairy Lactating,394.4,99,6.9,2.9,Medium,Normal,13.9,17.4,71.0,2.42,9.87,47.8,31.0,52.3,Maintain standard balanced ration; ensure clean water and routine mineral mixture.
Sahiwal,Calf,62.7,1,0.0,2.9,Low,Lumpy Skin Disease,1.43,22.5,74.0,0.32,1.06,4.1,2.6,5.0,"Increase protein and add Vitamin A, D, E and zinc for skin healing and immunity; offer soft palatable feed if appetite is reduced; isolate from herd; ensure fly/vector control."
Sahiwal,Draft/Working Bullock,411.6,81,0.0,3.0,High,Lumpy Skin Disease,8.53,14.0,74.8,1.19,6.38,27.2,17.3,37.9,"Increase protein and add Vitamin A, D, E and zinc for skin healing and immunity; offer soft palatable feed if appetite is reduced; isolate from herd; ensure fly/vector control."
Sahiwal,Draft/Working Bullock,403.3,127,0.0,4.0,High,Normal,10.45,11.5,72.4,1.2,7.57,24.2,16.1,37.3,Maintain standard balanced ration; ensure clean water and routine mineral mixture.
Sahiwal,Growing/Heifer,298.4,9,0.0,2.7,Medium,FMD,5.59,16.0,68.0,0.89,3.8,18.8,12.5,23.9,Offer soft/gruel feed (mouth lesions reduce chewing) split into more frequent small meals; add electrolytes and energy-dense concentrate; isolate animal; consult vet for antiviral/supportive care.
Sahiwal,Draft/Working Bullock,396.5,122,0.0,2.8,Medium,Ringworm,9.04,12.0,63.0,1.08,5.7,27.4,17.4,31.7,"Add biotin, zinc and Vitamin A/E supplementation for skin and coat health; maintain hygiene of housing; mild protein boost aids skin recovery; topical antifungal treatment as advised by vet."
Sahiwal,Breeding Bull,467.2,57,0.0,4.0,Medium,Lumpy Skin Disease,8.6,15.5,64.0,1.33,5.5,30.8,19.6,37.4,"Increase protein and add Vitamin A, D, E and zinc for skin healing and immunity; offer soft palatable feed if appetite is reduced; isolate from herd; ensure fly/vector control."
Sahiwal,Dairy Lactating,398.8,88,6.5,2.2,Medium,Lumpy Skin Disease,12.02,20.9,76.0,2.51,9.14,51.3,31.8,51.4,"Increase protein and add Vitamin A, D, E and zinc for skin healing and immunity; offer soft palatable feed if appetite is reduced; isolate from herd; ensure fly/vector control."
Sahiwal,Dairy Lactating,410.4,74,7.2,2.2,High,Lumpy Skin Disease,13.5,20.9,76.1,2.82,10.27,54.8,33.9,59.4,"Increase protein and add Vitamin A, D, E and zinc for skin healing and immunity; offer soft palatable feed if appetite is reduced; isolate from herd; ensure fly/vector control."
Shweta Kapila,Dairy Lactating,214.9,101,6.6,3.1,Medium,Normal,8.43,17.4,71.0,1.47,5.99,36.0,23.1,37.0,Maintain standard balanced ration; ensure clean water and routine mineral mixture.
Shweta Kapila,Breeding Bull,234.7,55,0.0,3.6,Medium,Lumpy Skin Disease,4.32,15.5,64.0,0.67,2.76,15.5,9.9,18.8,"Increase protein and add Vitamin A, D, E and zinc for skin healing and immunity; offer soft palatable feed if appetite is reduced; isolate from herd; ensure fly/vector control."
Shweta Kapila,Breeding Bull,243.3,79,0.0,4.2,Medium,Normal,5.2,12.5,60.0,0.65,3.12,14.6,9.7,19.5,Maintain standard balanced ration; ensure clean water and routine mineral mixture.
Shweta Kapila,Draft/Working Bullock,157.8,109,0.0,3.9,High,Normal,4.09,11.5,72.4,0.47,2.96,9.5,6.3,17.6,Maintain standard balanced ration; ensure clean water and routine mineral mixture.
Shweta Kapila,Breeding Bull,212.6,100,0.0,4.2,Low,Ringworm,4.1,13.0,60.0,0.53,2.46,14.7,9.4,17.0,"Add biotin, zinc and Vitamin A/E supplementation for skin and coat health; maintain hygiene of housing; mild protein boost aids skin recovery; topical antifungal treatment as advised by vet."
Shweta Kapila,Calf,23.8,5,0.0,3.2,Low,Normal,1.0,20.0,72.0,0.2,0.72,1.4,1.0,1.9,Maintain standard balanced ration; ensure clean water and routine mineral mixture.
Shweta Kapila,Draft/Working Bullock,159.1,31,0.0,3.7,High,Ringworm,3.92,12.0,72.4,0.47,2.84,11.0,7.0,17.7,"Add biotin, zinc and Vitamin A/E supplementation for skin and coat health; maintain hygiene of housing; mild protein boost aids skin recovery; topical antifungal treatment as advised by vet."
Shweta Kapila,Draft/Working Bullock,150.0,127,0.0,2.7,Medium,Normal,3.6,11.5,63.0,0.41,2.27,9.0,6.0,12.0,Maintain standard balanced ration; ensure clean water and routine mineral mixture.
Shweta Kapila,Dairy Dry,207.8,108,0.0,2.8,Medium,Normal,4.57,12.5,60.0,0.57,2.74,12.5,8.3,16.6,Maintain standard balanced ration; ensure clean water and routine mineral mixture.
Shweta Kapila,Breeding Bull,252.3,125,0.0,4.4,Medium,Ringworm,5.13,13.0,60.0,0.67,3.08,17.4,11.1,20.2,"Add biotin, zinc and Vitamin A/E supplementation for skin and coat health; maintain hygiene of housing; mild protein boost aids skin recovery; topical antifungal treatment as advised by vet."
Shweta Kapila,Dairy Lactating,208.3,41,5.7,3.0,High,Ringworm,8.17,17.8,70.9,1.45,5.79,37.3,23.0,38.8,"Add biotin, zinc and Vitamin A/E supplementation for skin and coat health; maintain hygiene of housing; mild protein boost aids skin recovery; topical antifungal treatment as advised by vet."
Shweta Kapila,Calf,44.3,3,0.0,2.0,Low,Ringworm,1.3,21.5,75.0,0.28,0.97,3.1,1.9,3.5,"Add biotin, zinc and Vitamin A/E supplementation for skin and coat health; maintain hygiene of housing; mild protein boost aids skin recovery; topical antifungal treatment as advised by vet."
Shweta Kapila,Calf,36.1,3,0.0,3.1,Low,Normal,1.03,20.0,72.0,0.21,0.74,2.2,1.4,2.9,Maintain standard balanced ration; ensure clean water and routine mineral mixture.
Shweta Kapila,Dairy Dry,188.2,81,0.0,3.3,Medium,Normal,4.14,12.5,60.0,0.52,2.48,11.3,7.5,15.1,Maintain standard balanced ration; ensure clean water and routine mineral mixture.
Shweta Kapila,Growing/Heifer,122.2,24,0.0,3.3,Low,Ringworm,2.87,15.5,65.0,0.44,1.87,8.4,5.4,9.8,"Add biotin, zinc and Vitamin A/E supplementation for skin and coat health; maintain hygiene of housing; mild protein boost aids skin recovery; topical antifungal treatment as advised by vet."
Shweta Kapila,Draft/Working Bullock,163.4,40,0.0,2.6,Low,Lumpy Skin Disease,2.98,14.0,61.8,0.42,1.84,10.8,6.9,13.1,"Increase protein and add Vitamin A, D, E and zinc for skin healing and immunity; offer soft palatable feed if appetite is reduced; isolate from herd; ensure fly/vector control."
Shweta Kapila,Dairy Dry,193.7,114,0.0,4.0,Low,FMD,2.91,13.5,63.0,0.39,1.83,12.2,8.1,15.5,Offer soft/gruel feed (mouth lesions reduce chewing) split into more frequent small meals; add electrolytes and energy-dense concentrate; isolate animal; consult vet for antiviral/supportive care.
Shweta Kapila,Dairy Dry,239.4,88,0.0,3.5,High,FMD,4.1,13.5,63.0,0.55,2.58,15.1,10.1,24.2,Offer soft/gruel feed (mouth lesions reduce chewing) split into more frequent small meals; add electrolytes and energy-dense concentrate; isolate animal; consult vet for antiviral/supportive care.
Shweta Kapila,Dairy Dry,192.4,95,0.0,3.7,Medium,Normal,4.23,12.5,60.0,0.53,2.54,11.5,7.7,15.4,Maintain standard balanced ration; ensure clean water and routine mineral mixture.
Shweta Kapila,Dairy Dry,150.7,107,0.0,3.2,Medium,Lumpy Skin Disease,2.65,15.0,62.0,0.4,1.64,9.9,6.3,12.1,"Increase protein and add Vitamin A, D, E and zinc for skin healing and immunity; offer soft palatable feed if appetite is reduced; isolate from herd; ensure fly/vector control."
Shweta Kapila,Dairy Lactating,242.7,82,6.4,2.1,Low,Normal,9.44,18.4,74.0,1.74,6.99,37.0,23.8,38.6,Maintain standard balanced ration; ensure clean water and routine mineral mixture.
Shweta Kapila,Dairy Lactating,208.0,44,7.1,2.2,Medium,Normal,9.04,18.4,74.1,1.66,6.7,37.3,23.9,37.9,Maintain standard balanced ration; ensure clean water and routine mineral mixture.
Shweta Kapila,Dairy Lactating,201.7,89,5.1,3.2,Low,FMD,5.19,18.3,73.8,0.95,3.83,31.4,20.3,31.4,Offer soft/gruel feed (mouth lesions reduce chewing) split into more frequent small meals; add electrolytes and energy-dense concentrate; isolate animal; consult vet for antiviral/supportive care.
Shweta Kapila,Draft/Working Bullock,157.8,109,0.0,3.5,High,Normal,4.09,11.5,72.4,0.47,2.96,9.5,6.3,17.6,Maintain standard balanced ration; ensure clean water and routine mineral mixture.
Tharparkar,Calf,67.1,3,0.0,2.7,Medium,FMD,1.45,21.0,75.0,0.3,1.09,4.2,2.8,5.4,Offer soft/gruel feed (mouth lesions reduce chewing) split into more frequent small meals; add electrolytes and energy-dense concentrate; isolate animal; consult vet for antiviral/supportive care.
Tharparkar,Dairy Lactating,385.3,83,13.3,2.6,Low,FMD,10.64,18.8,75.0,2.0,7.98,73.2,46.9,70.7,Offer soft/gruel feed (mouth lesions reduce chewing) split into more frequent small meals; add electrolytes and energy-dense concentrate; isolate animal; consult vet for antiviral/supportive care.
Tharparkar,Breeding Bull,425.2,119,0.0,3.4,Medium,FMD,7.04,14.0,65.0,0.99,4.58,26.8,17.9,34.0,Offer soft/gruel feed (mouth lesions reduce chewing) split into more frequent small meals; add electrolytes and energy-dense concentrate; isolate animal; consult vet for antiviral/supportive care.
Tharparkar,Breeding Bull,433.8,30,0.0,4.1,Low,Normal,8.82,12.5,60.0,1.1,5.29,26.0,17.4,34.7,Maintain standard balanced ration; ensure clean water and routine mineral mixture.
Tharparkar,Growing/Heifer,163.1,23,0.0,2.4,Medium,Normal,4.58,16.0,68.0,0.73,3.11,9.8,6.5,13.0,Maintain standard balanced ration; ensure clean water and routine mineral mixture.
Tharparkar,Dairy Lactating,424.1,31,11.5,3.8,Medium,FMD,11.64,18.7,74.7,2.18,8.7,69.0,44.4,68.4,Offer soft/gruel feed (mouth lesions reduce chewing) split into more frequent small meals; add electrolytes and energy-dense concentrate; isolate animal; consult vet for antiviral/supportive care.
Tharparkar,Dairy Lactating,376.1,52,10.9,3.0,Medium,Ringworm,13.83,18.2,71.6,2.52,9.9,69.8,42.9,62.8,"Add biotin, zinc and Vitamin A/E supplementation for skin and coat health; maintain hygiene of housing; mild protein boost aids skin recovery; topical antifungal treatment as advised by vet."
Tharparkar,Dairy Lactating,446.7,40,12.0,3.6,High,Lumpy Skin Disease,14.69,20.2,73.8,2.97,10.84,75.7,46.5,76.7,"Increase protein and add Vitamin A, D, E and zinc for skin healing and immunity; offer soft palatable feed if appetite is reduced; isolate from herd; ensure fly/vector control."
Tharparkar,Dairy Dry,388.3,128,0.0,3.5,Medium,Normal,8.54,12.5,60.0,1.07,5.12,23.3,15.5,31.1,Maintain standard balanced ration; ensure clean water and routine mineral mixture.
Tharparkar,Breeding Bull,437.7,117,0.0,3.4,High,Normal,10.87,13.0,62.0,1.41,6.74,26.3,17.5,40.0,Maintain standard balanced ration; ensure clean water and routine mineral mixture.
Tharparkar,Dairy Dry,397.6,81,0.0,3.2,High,Ringworm,8.97,13.0,60.0,1.17,5.38,27.4,17.5,36.8,"Add biotin, zinc and Vitamin A/E supplementation for skin and coat health; maintain hygiene of housing; mild protein boost aids skin recovery; topical antifungal treatment as advised by vet."
Tharparkar,Growing/Heifer,242.5,19,0.0,2.4,Medium,Normal,6.81,16.0,68.0,1.09,4.63,14.6,9.7,19.4,Maintain standard balanced ration; ensure clean water and routine mineral mixture.
Tharparkar,Dairy Lactating,388.2,87,8.3,3.1,High,Normal,15.27,17.5,71.2,2.67,10.87,52.3,33.8,61.0,Maintain standard balanced ration; ensure clean water and routine mineral mixture.
Tharparkar,Breeding Bull,434.2,105,0.0,3.9,Medium,Normal,9.99,13.0,62.0,1.3,6.19,26.1,17.4,34.7,Maintain standard balanced ration; ensure clean water and routine mineral mixture.
Tharparkar,Dairy Lactating,430.2,64,8.6,3.2,Medium,FMD,11.15,18.5,74.3,2.06,8.28,58.7,37.9,60.2,Offer soft/gruel feed (mouth lesions reduce chewing) split into more frequent small meals; add electrolytes and energy-dense concentrate; isolate animal; consult vet for antiviral/supportive care.
Tharparkar,Growing/Heifer,233.1,13,0.0,3.5,Medium,Normal,6.06,15.0,65.0,0.91,3.94,14.0,9.3,18.6,Maintain standard balanced ration; ensure clean water and routine mineral mixture.
Tharparkar,Calf,38.6,1,0.0,2.2,Low,Normal,1.19,21.0,75.0,0.25,0.89,2.3,1.5,3.1,Maintain standard balanced ration; ensure clean water and routine mineral mixture.
Tharparkar,Dairy Lactating,369.3,62,5.7,2.2,High,FMD,10.74,19.3,76.9,2.07,8.26,44.2,28.7,51.6,Offer soft/gruel feed (mouth lesions reduce chewing) split into more frequent small meals; add electrolytes and energy-dense concentrate; isolate animal; consult vet for antiviral/supportive care.
Tharparkar,Growing/Heifer,229.2,10,0.0,3.3,Low,FMD,4.08,16.0,68.0,0.65,2.77,14.4,9.6,18.3,Offer soft/gruel feed (mouth lesions reduce chewing) split into more frequent small meals; add electrolytes and energy-dense concentrate; isolate animal; consult vet for antiviral/supportive care.
Tharparkar,Draft/Working Bullock,430.3,96,0.0,2.8,Medium,Normal,10.33,11.5,63.0,1.19,6.51,25.8,17.2,34.4,Maintain standard balanced ration; ensure clean water and routine mineral mixture.
Tharparkar,Dairy Lactating,416.0,89,6.9,2.9,High,Lumpy Skin Disease,12.57,19.9,73.0,2.5,9.18,54.0,33.4,59.0,"Increase protein and add Vitamin A, D, E and zinc for skin healing and immunity; offer soft palatable feed if appetite is reduced; isolate from herd; ensure fly/vector control."
Tharparkar,Draft/Working Bullock,416.8,139,0.0,3.7,Medium,Lumpy Skin Disease,8.0,14.0,65.0,1.12,5.2,27.5,17.5,33.3,"Increase protein and add Vitamin A, D, E and zinc for skin healing and immunity; offer soft palatable feed if appetite is reduced; isolate from herd; ensure fly/vector control."
Tharparkar,Dairy Lactating,388.3,37,8.4,2.1,High,Normal,16.53,18.5,74.3,3.06,12.28,52.7,34.0,61.3,Maintain standard balanced ration; ensure clean water and routine mineral mixture.
Tharparkar,Dairy Dry,399.2,38,0.0,3.9,Medium,Normal,8.78,12.5,60.0,1.1,5.27,24.0,16.0,31.9,Maintain standard balanced ration; ensure clean water and routine mineral mixture.
Umblachery,Dairy Dry,264.4,43,0.0,3.7,Low,FMD,3.98,13.5,63.0,0.54,2.51,16.7,11.1,21.2,Offer soft/gruel feed (mouth lesions reduce chewing) split into more frequent small meals; add electrolytes and energy-dense concentrate; isolate animal; consult vet for antiviral/supportive care.
Umblachery,Dairy Dry,275.9,121,0.0,2.6,Low,Lumpy Skin Disease,4.61,15.0,62.0,0.69,2.86,18.2,11.6,22.1,"Increase protein and add Vitamin A, D, E and zinc for skin healing and immunity; offer soft palatable feed if appetite is reduced; isolate from herd; ensure fly/vector control."
Umblachery,Dairy Dry,339.7,32,0.0,2.7,Medium,Ringworm,7.1,13.0,60.0,0.92,4.26,23.4,14.9,27.2,"Add biotin, zinc and Vitamin A/E supplementation for skin and coat health; maintain hygiene of housing; mild protein boost aids skin recovery; topical antifungal treatment as advised by vet."
Umblachery,Draft/Working Bullock,276.6,73,0.0,3.6,High,FMD,5.16,12.5,75.9,0.65,3.92,17.4,11.6,27.1,Offer soft/gruel feed (mouth lesions reduce chewing) split into more frequent small meals; add electrolytes and energy-dense concentrate; isolate animal; consult vet for antiviral/supportive care.
Umblachery,Breeding Bull,369.3,114,0.0,3.7,High,Lumpy Skin Disease,7.34,15.5,64.0,1.14,4.7,24.4,15.5,34.5,"Increase protein and add Vitamin A, D, E and zinc for skin healing and immunity; offer soft palatable feed if appetite is reduced; isolate from herd; ensure fly/vector control."
Umblachery,Calf,37.9,5,0.0,3.0,Medium,Normal,1.14,20.0,72.0,0.23,0.82,2.3,1.5,3.0,Maintain standard balanced ration; ensure clean water and routine mineral mixture.
Umblachery,Breeding Bull,296.2,69,0.0,3.1,High,FMD,5.3,14.0,65.0,0.74,3.44,18.7,12.4,28.7,Offer soft/gruel feed (mouth lesions reduce chewing) split into more frequent small meals; add electrolytes and energy-dense concentrate; isolate animal; consult vet for antiviral/supportive care.
Umblachery,Dairy Lactating,335.3,98,7.3,3.7,Medium,Normal,12.25,17.4,71.1,2.13,8.71,45.7,29.5,48.7,Maintain standard balanced ration; ensure clean water and routine mineral mixture.
Umblachery,Growing/Heifer,198.3,12,0.0,3.0,Low,Normal,4.9,15.0,65.0,0.73,3.19,11.9,7.9,15.9,Maintain standard balanced ration; ensure clean water and routine mineral mixture.
Umblachery,Calf,57.4,6,0.0,3.3,Low,Normal,1.64,20.0,72.0,0.33,1.18,3.4,2.3,4.6,Maintain standard balanced ration; ensure clean water and routine mineral mixture.
Umblachery,Calf,36.0,2,0.0,2.4,Low,Lumpy Skin Disease,1.0,23.5,77.0,0.23,0.77,2.4,1.5,2.9,"Increase protein and add Vitamin A, D, E and zinc for skin healing and immunity; offer soft palatable feed if appetite is reduced; isolate from herd; ensure fly/vector control."
Umblachery,Draft/Working Bullock,300.0,63,0.0,3.9,High,Ringworm,7.39,12.0,72.4,0.89,5.35,20.7,13.2,29.0,"Add biotin, zinc and Vitamin A/E supplementation for skin and coat health; maintain hygiene of housing; mild protein boost aids skin recovery; topical antifungal treatment as advised by vet."
Umblachery,Calf,41.9,1,0.0,3.1,Low,Normal,1.19,20.0,72.0,0.24,0.86,2.5,1.7,3.4,Maintain standard balanced ration; ensure clean water and routine mineral mixture.
Umblachery,Draft/Working Bullock,302.3,109,0.0,3.9,High,Normal,7.84,11.5,72.4,0.9,5.68,18.1,12.1,29.2,Maintain standard balanced ration; ensure clean water and routine mineral mixture.
Umblachery,Draft/Working Bullock,273.3,98,0.0,2.6,High,Normal,7.08,11.5,72.4,0.81,5.13,16.4,10.9,26.9,Maintain standard balanced ration; ensure clean water and routine mineral mixture.
Umblachery,Calf,67.5,4,0.0,2.4,Medium,Normal,2.19,21.0,75.0,0.46,1.64,4.0,2.7,5.4,Maintain standard balanced ration; ensure clean water and routine mineral mixture.
Umblachery,Draft/Working Bullock,340.5,30,0.0,3.7,Low,FMD,5.59,12.5,62.7,0.7,3.5,21.5,14.3,27.2,Offer soft/gruel feed (mouth lesions reduce chewing) split into more frequent small meals; add electrolytes and energy-dense concentrate; isolate animal; consult vet for antiviral/supportive care.
Umblachery,Breeding Bull,337.1,32,0.0,3.7,Medium,Normal,7.75,13.0,62.0,1.01,4.8,20.2,13.5,27.0,Maintain standard balanced ration; ensure clean water and routine mineral mixture.
Umblachery,Growing/Heifer,161.8,20,0.0,3.1,Medium,Normal,4.21,15.0,65.0,0.63,2.74,9.7,6.5,12.9,Maintain standard balanced ration; ensure clean water and routine mineral mixture.
Umblachery,Draft/Working Bullock,304.6,97,0.0,3.0,High,Normal,7.9,11.5,72.4,0.91,5.72,18.3,12.2,29.4,Maintain standard balanced ration; ensure clean water and routine mineral mixture.
Umblachery,Calf,32.6,5,0.0,2.4,Medium,Normal,1.06,21.0,75.0,0.22,0.8,2.0,1.3,2.6,Maintain standard balanced ration; ensure clean water and routine mineral mixture.
Umblachery,Dairy Lactating,266.5,100,5.3,3.2,Low,Lumpy Skin Disease,7.28,19.8,72.8,1.44,5.3,38.0,23.4,37.2,"Increase protein and add Vitamin A, D, E and zinc for skin healing and immunity; offer soft palatable feed if appetite is reduced; isolate from herd; ensure fly/vector control."
Umblachery,Draft/Working Bullock,287.6,102,0.0,2.7,High,Normal,7.45,11.5,72.4,0.86,5.39,17.3,11.5,28.0,Maintain standard balanced ration; ensure clean water and routine mineral mixture.
Umblachery,Calf,69.1,2,0.0,2.9,Low,FMD,1.42,21.0,75.0,0.3,1.06,4.4,2.9,5.5,Offer soft/gruel feed (mouth lesions reduce chewing) split into more frequent small meals; add electrolytes and energy-dense concentrate; isolate animal; consult vet for antiviral/supportive care.
Vechur,Dairy Dry,95.1,118,0.0,2.7,Low,Normal,1.99,12.5,60.0,0.25,1.19,5.7,3.8,7.6,Maintain standard balanced ration; ensure clean water and routine mineral mixture.
Vechur,Growing/Heifer,54.4,12,0.0,2.3,Medium,Ringworm,1.45,16.5,68.0,0.24,0.99,3.8,2.4,4.4,"Add biotin, zinc and Vitamin A/E supplementation for skin and coat health; maintain hygiene of housing; mild protein boost aids skin recovery; topical antifungal treatment as advised by vet."
Vechur,Draft/Working Bullock,121.3,129,0.0,3.0,Low,Normal,2.77,11.5,59.8,0.32,1.66,7.3,4.9,9.7,Maintain standard balanced ration; ensure clean water and routine mineral mixture.
Vechur,Calf,26.1,5,0.0,3.3,High,Normal,1.0,20.0,72.0,0.2,0.72,1.6,1.0,7.1,Maintain standard balanced ration; ensure clean water and routine mineral mixture.
Vechur,Dairy Dry,115.1,128,0.0,2.8,Low,Normal,2.41,12.5,60.0,0.3,1.45,6.9,4.6,9.2,Maintain standard balanced ration; ensure clean water and routine mineral mixture.
Vechur,Growing/Heifer,52.9,22,0.0,3.4,Low,Normal,1.31,15.0,65.0,0.2,0.85,3.2,2.1,4.2,Maintain standard balanced ration; ensure clean water and routine mineral mixture.
Vechur,Growing/Heifer,51.7,20,0.0,3.3,Medium,Normal,1.34,15.0,65.0,0.2,0.87,3.1,2.1,4.1,Maintain standard balanced ration; ensure clean water and routine mineral mixture.
Vechur,Calf,16.2,5,0.0,2.7,Low,Ringworm,1.0,20.5,72.0,0.2,0.72,1.1,0.7,1.3,"Add biotin, zinc and Vitamin A/E supplementation for skin and coat health; maintain hygiene of housing; mild protein boost aids skin recovery; topical antifungal treatment as advised by vet."
Vechur,Draft/Working Bullock,113.7,80,0.0,3.0,Medium,FMD,1.96,12.5,66.0,0.24,1.29,7.2,4.8,9.1,Offer soft/gruel feed (mouth lesions reduce chewing) split into more frequent small meals; add electrolytes and energy-dense concentrate; isolate animal; consult vet for antiviral/supportive care.
Vechur,Dairy Lactating,121.2,59,2.6,2.2,Medium,Ringworm,4.53,18.7,73.4,0.85,3.33,18.8,11.6,17.5,"Add biotin, zinc and Vitamin A/E supplementation for skin and coat health; maintain hygiene of housing; mild protein boost aids skin recovery; topical antifungal treatment as advised by vet."
Vechur,Dairy Dry,92.9,58,0.0,3.4,Low,Normal,1.94,12.5,60.0,0.24,1.16,5.6,3.7,7.4,Maintain standard balanced ration; ensure clean water and routine mineral mixture.
Vechur,Growing/Heifer,44.2,21,0.0,2.7,Low,Normal,1.09,15.0,65.0,0.16,0.71,2.7,1.8,3.5,Maintain standard balanced ration; ensure clean water and routine mineral mixture.
Vechur,Dairy Lactating,103.4,55,2.0,3.1,Low,Normal,3.52,17.1,70.3,0.6,2.47,13.2,8.5,14.3,Maintain standard balanced ration; ensure clean water and routine mineral mixture.
Vechur,Dairy Dry,106.7,88,0.0,3.6,Low,Normal,2.23,12.5,60.0,0.28,1.34,6.4,4.3,8.5,Maintain standard balanced ration; ensure clean water and routine mineral mixture.
Vechur,Growing/Heifer,65.2,12,0.0,2.3,Medium,Normal,1.83,16.0,68.0,0.29,1.24,3.9,2.6,5.2,Maintain standard balanced ration; ensure clean water and routine mineral mixture.
Vechur,Growing/Heifer,69.3,22,0.0,3.1,Medium,Normal,1.8,15.0,65.0,0.27,1.17,4.2,2.8,5.5,Maintain standard balanced ration; ensure clean water and routine mineral mixture.
Vechur,Dairy Lactating,113.2,85,3.7,3.2,Low,FMD,3.08,18.2,73.6,0.56,2.27,20.7,13.3,20.2,Offer soft/gruel feed (mouth lesions reduce chewing) split into more frequent small meals; add electrolytes and energy-dense concentrate; isolate animal; consult vet for antiviral/supportive care.
Vechur,Calf,20.3,4,0.0,2.7,Medium,Normal,1.0,20.0,72.0,0.2,0.72,1.2,0.8,1.6,Maintain standard balanced ration; ensure clean water and routine mineral mixture.
Vechur,Breeding Bull,122.2,74,0.0,4.2,Medium,Normal,2.61,12.5,60.0,0.33,1.57,7.3,4.9,9.8,Maintain standard balanced ration; ensure clean water and routine mineral mixture.
Vechur,Breeding Bull,100.4,120,0.0,4.4,Low,Normal,2.04,12.5,60.0,0.26,1.22,6.0,4.0,8.0,Maintain standard balanced ration; ensure clean water and routine mineral mixture.
Vechur,Draft/Working Bullock,90.6,35,0.0,3.5,Medium,Normal,2.17,11.5,63.0,0.25,1.37,5.4,3.6,7.2,Maintain standard balanced ration; ensure clean water and routine mineral mixture.
Vechur,Breeding Bull,129.9,119,0.0,3.7,Low,Lumpy Skin Disease,2.27,15.5,64.0,0.35,1.45,8.6,5.5,10.4,"Increase protein and add Vitamin A, D, E and zinc for skin healing and immunity; offer soft palatable feed if appetite is reduced; isolate from herd; ensure fly/vector control."
Vechur,Growing/Heifer,71.0,18,0.0,2.0,Medium,Normal,1.99,16.0,68.0,0.32,1.35,4.3,2.8,5.7,Maintain standard balanced ration; ensure clean water and routine mineral mixture.
Vechur,Draft/Working Bullock,111.2,66,0.0,2.9,High,FMD,2.08,12.5,75.9,0.26,1.58,7.0,4.7,13.9,Offer soft/gruel feed (mouth lesions reduce chewing) split into more frequent small meals; add electrolytes and energy-dense concentrate; isolate animal; consult vet for antiviral/supportive care.
bachaur,Breeding Bull,317.1,93,0.0,4.0,Medium,Normal,7.29,13.0,62.0,0.95,4.52,19.0,12.7,25.4,Maintain standard balanced ration; ensure clean water and routine mineral mixture.
bachaur,Calf,69.6,5,0.0,3.3,Low,Normal,1.98,20.0,72.0,0.4,1.43,4.2,2.8,5.6,Maintain standard balanced ration; ensure clean water and routine mineral mixture.
bachaur,Breeding Bull,294.1,29,0.0,3.8,Low,Lumpy Skin Disease,5.14,15.5,64.0,0.8,3.29,19.4,12.4,23.5,"Increase protein and add Vitamin A, D, E and zinc for skin healing and immunity; offer soft palatable feed if appetite is reduced; isolate from herd; ensure fly/vector control."
bachaur,Growing/Heifer,203.3,11,0.0,2.2,Medium,Ringworm,5.42,16.5,68.0,0.89,3.69,14.0,8.9,16.3,"Add biotin, zinc and Vitamin A/E supplementation for skin and coat health; maintain hygiene of housing; mild protein boost aids skin recovery; topical antifungal treatment as advised by vet."
bachaur,Breeding Bull,301.3,113,0.0,3.3,Medium,Normal,6.93,13.0,62.0,0.9,4.3,18.1,12.1,24.1,Maintain standard balanced ration; ensure clean water and routine mineral mixture.
bachaur,Draft/Working Bullock,277.7,78,0.0,2.6,Medium,Normal,6.66,11.5,63.0,0.77,4.2,16.7,11.1,22.2,Maintain standard balanced ration; ensure clean water and routine mineral mixture.
bachaur,Breeding Bull,290.2,130,0.0,4.0,Medium,Normal,6.67,13.0,62.0,0.87,4.14,17.4,11.6,23.2,Maintain standard balanced ration; ensure clean water and routine mineral mixture.
bachaur,Breeding Bull,376.8,71,0.0,4.2,High,Normal,8.7,12.5,60.0,1.09,5.22,22.6,15.1,35.1,Maintain standard balanced ration; ensure clean water and routine mineral mixture.
bachaur,Dairy Dry,258.0,41,0.0,3.8,Low,Ringworm,5.12,13.0,60.0,0.67,3.07,17.8,11.4,20.6,"Add biotin, zinc and Vitamin A/E supplementation for skin and coat health; maintain hygiene of housing; mild protein boost aids skin recovery; topical antifungal treatment as advised by vet."
bachaur,Calf,43.0,2,0.0,2.7,Medium,Normal,1.29,20.0,72.0,0.26,0.93,2.6,1.7,3.4,Maintain standard balanced ration; ensure clean water and routine mineral mixture.
bachaur,Draft/Working Bullock,279.3,26,0.0,4.0,High,Normal,7.24,11.5,72.4,0.83,5.24,16.8,11.2,27.3,Maintain standard balanced ration; ensure clean water and routine mineral mixture.
bachaur,Dairy Lactating,294.4,83,8.2,2.6,Low,Ringworm,10.19,18.0,71.2,1.83,7.26,53.3,32.8,48.2,"Add biotin, zinc and Vitamin A/E supplementation for skin and coat health; maintain hygiene of housing; mild protein boost aids skin recovery; topical antifungal treatment as advised by vet."
bachaur,Growing/Heifer,177.0,23,0.0,2.5,Medium,Normal,4.6,15.0,65.0,0.69,2.99,10.6,7.1,14.2,Maintain standard balanced ration; ensure clean water and routine mineral mixture.
bachaur,Breeding Bull,360.1,109,0.0,3.7,Medium,Normal,8.28,13.0,62.0,1.08,5.13,21.6,14.4,28.8,Maintain standard balanced ration; ensure clean water and routine mineral mixture.
bachaur,Dairy Lactating,328.9,51,6.4,2.7,Low,Lumpy Skin Disease,8.96,19.9,73.0,1.78,6.54,46.3,28.6,45.5,"Increase protein and add Vitamin A, D, E and zinc for skin healing and immunity; offer soft palatable feed if appetite is reduced; isolate from herd; ensure fly/vector control."
bachaur,Growing/Heifer,160.3,18,0.0,2.9,Low,Normal,3.96,15.0,65.0,0.59,2.57,9.6,6.4,12.8,Maintain standard balanced ration; ensure clean water and routine mineral mixture.
bachaur,Growing/Heifer,218.9,12,0.0,3.0,Low,Normal,5.41,15.0,65.0,0.81,3.52,13.1,8.8,17.5,Maintain standard balanced ration; ensure clean water and routine mineral mixture.
bachaur,Calf,52.4,3,0.0,2.6,Low,Lumpy Skin Disease,1.19,22.5,74.0,0.27,0.88,3.5,2.2,4.2,"Increase protein and add Vitamin A, D, E and zinc for skin healing and immunity; offer soft palatable feed if appetite is reduced; isolate from herd; ensure fly/vector control."
bachaur,Draft/Working Bullock,347.8,64,0.0,2.7,High,Ringworm,8.56,12.0,72.4,1.03,6.2,24.0,15.3,32.8,"Add biotin, zinc and Vitamin A/E supplementation for skin and coat health; maintain hygiene of housing; mild protein boost aids skin recovery; topical antifungal treatment as advised by vet."
bachaur,Breeding Bull,263.1,62,0.0,4.4,Medium,Ringworm,5.35,13.0,60.0,0.7,3.21,18.2,11.6,21.0,"Add biotin, zinc and Vitamin A/E supplementation for skin and coat health; maintain hygiene of housing; mild protein boost aids skin recovery; topical antifungal treatment as advised by vet."
bachaur,Dairy Lactating,250.4,49,7.5,4.0,Medium,Lumpy Skin Disease,7.81,19.9,73.1,1.55,5.71,45.4,27.8,42.5,"Increase protein and add Vitamin A, D, E and zinc for skin healing and immunity; offer soft palatable feed if appetite is reduced; isolate from herd; ensure fly/vector control."
bachaur,Dairy Dry,347.0,67,0.0,3.6,High,FMD,5.94,13.5,63.0,0.8,3.74,21.9,14.6,32.8,Offer soft/gruel feed (mouth lesions reduce chewing) split into more frequent small meals; add electrolytes and energy-dense concentrate; isolate animal; consult vet for antiviral/supportive care.
bachaur,Breeding Bull,363.3,117,0.0,4.0,Medium,Ringworm,7.94,13.5,62.0,1.07,4.92,25.1,16.0,29.1,"Add biotin, zinc and Vitamin A/E supplementation for skin and coat health; maintain hygiene of housing; mild protein boost aids skin recovery; topical antifungal treatment as advised by vet."
bachaur,Growing/Heifer,100.2,24,0.0,2.9,Low,Normal,2.47,15.0,65.0,0.37,1.61,6.0,4.0,8.0,Maintain standard balanced ration; ensure clean water and routine mineral mixture.
badri,Dairy Lactating,210.8,37,4.0,3.1,Medium,Lumpy Skin Disease,6.02,19.7,72.6,1.19,4.37,29.3,18.1,28.9,"Increase protein and add Vitamin A, D, E and zinc for skin healing and immunity; offer soft palatable feed if appetite is reduced; isolate from herd; ensure fly/vector control."
badri,Growing/Heifer,90.1,7,0.0,3.0,High,Ringworm,2.4,15.5,65.0,0.37,1.56,6.2,4.0,12.2,"Add biotin, zinc and Vitamin A/E supplementation for skin and coat health; maintain hygiene of housing; mild protein boost aids skin recovery; topical antifungal treatment as advised by vet."
badri,Dairy Dry,199.0,54,0.0,3.4,Medium,Normal,4.38,12.5,60.0,0.55,2.63,11.9,8.0,15.9,Maintain standard balanced ration; ensure clean water and routine mineral mixture.
badri,Draft/Working Bullock,189.8,70,0.0,3.6,High,Normal,4.92,11.5,72.4,0.57,3.56,11.4,7.6,20.2,Maintain standard balanced ration; ensure clean water and routine mineral mixture.
badri,Calf,24.4,3,0.0,2.7,Low,Normal,1.0,20.0,72.0,0.2,0.72,1.5,1.0,2.0,Maintain standard balanced ration; ensure clean water and routine mineral mixture.
badri,Dairy Dry,249.3,124,0.0,3.7,Low,Lumpy Skin Disease,4.17,15.0,62.0,0.63,2.59,16.5,10.5,19.9,"Increase protein and add Vitamin A, D, E and zinc for skin healing and immunity; offer soft palatable feed if appetite is reduced; isolate from herd; ensure fly/vector control."
badri,Dairy Dry,239.6,123,0.0,2.7,Medium,Normal,5.27,12.5,60.0,0.66,3.16,14.4,9.6,19.2,Maintain standard balanced ration; ensure clean water and routine mineral mixture.
badri,Growing/Heifer,127.8,16,0.0,3.5,Low,Ringworm,3.0,15.5,65.0,0.47,1.95,8.8,5.6,10.2,"Add biotin, zinc and Vitamin A/E supplementation for skin and coat health; maintain hygiene of housing; mild protein boost aids skin recovery; topical antifungal treatment as advised by vet."
badri,Dairy Dry,150.7,41,0.0,3.5,Low,Normal,3.15,12.5,60.0,0.39,1.89,9.0,6.0,12.1,Maintain standard balanced ration; ensure clean water and routine mineral mixture.
badri,Dairy Dry,206.8,120,0.0,3.9,Low,Lumpy Skin Disease,3.46,15.0,62.0,0.52,2.15,13.6,8.7,16.5,"Increase protein and add Vitamin A, D, E and zinc for skin healing and immunity; offer soft palatable feed if appetite is reduced; isolate from herd; ensure fly/vector control."
badri,Dairy Lactating,199.1,100,6.3,2.6,Medium,Normal,7.86,17.4,70.9,1.37,5.57,34.0,21.8,34.8,Maintain standard balanced ration; ensure clean water and routine mineral mixture.
badri,Draft/Working Bullock,172.5,83,0.0,3.7,Medium,Normal,4.14,11.5,63.0,0.48,2.61,10.3,6.9,13.8,Maintain standard balanced ration; ensure clean water and routine mineral mixture.
badri,Draft/Working Bullock,213.7,130,0.0,2.7,High,Normal,5.54,11.5,72.4,0.64,4.01,12.8,8.5,22.1,Maintain standard balanced ration; ensure clean water and routine mineral mixture.
badri,Growing/Heifer,152.9,22,0.0,2.0,Medium,Normal,4.29,16.0,68.0,0.69,2.92,9.2,6.1,12.2,Maintain standard balanced ration; ensure clean water and routine mineral mixture.
badri,Calf,36.7,5,0.0,2.8,Medium,FMD,1.0,21.0,75.0,0.21,0.75,2.3,1.5,2.9,Offer soft/gruel feed (mouth lesions reduce chewing) split into more frequent small meals; add electrolytes and energy-dense concentrate; isolate animal; consult vet for antiviral/supportive care.
badri,Dairy Dry,231.8,118,0.0,3.1,Medium,Normal,5.1,12.5,60.0,0.64,3.06,13.9,9.3,18.5,Maintain standard balanced ration; ensure clean water and routine mineral mixture.
badri,Dairy Lactating,208.2,50,3.7,2.9,Medium,Normal,7.36,17.2,70.6,1.27,5.2,25.4,16.5,27.8,Maintain standard balanced ration; ensure clean water and routine mineral mixture.
badri,Calf,28.0,3,0.0,3.4,Low,Normal,1.0,20.0,72.0,0.2,0.72,1.7,1.1,2.2,Maintain standard balanced ration; ensure clean water and routine mineral mixture.
badri,Draft/Working Bullock,201.4,33,0.0,3.6,Medium,Normal,4.83,11.5,63.0,0.56,3.04,12.1,8.1,16.1,Maintain standard balanced ration; ensure clean water and routine mineral mixture.
badri,Growing/Heifer,87.0,24,0.0,3.3,Medium,Normal,2.26,15.0,65.0,0.34,1.47,5.2,3.5,7.0,Maintain standard balanced ration; ensure clean water and routine mineral mixture.
badri,Draft/Working Bullock,186.3,112,0.0,3.3,Medium,Normal,4.47,11.5,63.0,0.51,2.82,11.2,7.5,14.9,Maintain standard balanced ration; ensure clean water and routine mineral mixture.
badri,Growing/Heifer,105.4,23,0.0,2.6,High,Normal,2.96,15.0,65.0,0.44,1.92,6.3,4.2,13.4,Maintain standard balanced ration; ensure clean water and routine mineral mixture.
badri,Growing/Heifer,128.6,11,0.0,3.2,Medium,FMD,2.41,16.0,68.0,0.39,1.64,8.1,5.4,10.3,Offer soft/gruel feed (mouth lesions reduce chewing) split into more frequent small meals; add electrolytes and energy-dense concentrate; isolate animal; consult vet for antiviral/supportive care.
badri,Breeding Bull,244.6,92,0.0,4.2,Medium,Ringworm,4.97,13.0,60.0,0.65,2.98,16.9,10.8,19.6,"Add biotin, zinc and Vitamin A/E supplementation for skin and coat health; maintain hygiene of housing; mild protein boost aids skin recovery; topical antifungal treatment as advised by vet."
bhelai,Calf,66.7,2,0.0,2.5,Low,Lumpy Skin Disease,1.52,22.5,74.0,0.34,1.12,4.4,2.8,5.3,"Increase protein and add Vitamin A, D, E and zinc for skin healing and immunity; offer soft palatable feed if appetite is reduced; isolate from herd; ensure fly/vector control."
bhelai,Breeding Bull,343.1,90,0.0,4.1,Low,Lumpy Skin Disease,5.58,15.0,62.0,0.84,3.46,22.6,14.4,27.4,"Increase protein and add Vitamin A, D, E and zinc for skin healing and immunity; offer soft palatable feed if appetite is reduced; isolate from herd; ensure fly/vector control."
bhelai,Growing/Heifer,183.0,11,0.0,2.3,Low,Normal,4.88,16.0,68.0,0.78,3.32,11.0,7.3,14.6,Maintain standard balanced ration; ensure clean water and routine mineral mixture.
bhelai,Calf,60.5,4,0.0,2.1,Medium,Lumpy Skin Disease,1.57,23.5,77.0,0.37,1.21,4.0,2.5,4.8,"Increase protein and add Vitamin A, D, E and zinc for skin healing and immunity; offer soft palatable feed if appetite is reduced; isolate from herd; ensure fly/vector control."
bhelai,Calf,37.2,2,0.0,2.8,Low,Normal,1.06,20.0,72.0,0.21,0.76,2.2,1.5,3.0,Maintain standard balanced ration; ensure clean water and routine mineral mixture.
bhelai,Dairy Lactating,256.6,35,7.3,3.5,Medium,Ringworm,9.39,17.9,71.1,1.68,6.68,47.1,29.0,42.4,"Add biotin, zinc and Vitamin A/E supplementation for skin and coat health; maintain hygiene of housing; mild protein boost aids skin recovery; topical antifungal treatment as advised by vet."
bhelai,Growing/Heifer,120.9,13,0.0,2.1,High,Ringworm,3.48,16.5,68.0,0.57,2.37,8.3,5.3,14.7,"Add biotin, zinc and Vitamin A/E supplementation for skin and coat health; maintain hygiene of housing; mild protein boost aids skin recovery; topical antifungal treatment as advised by vet."
bhelai,Breeding Bull,321.8,68,0.0,4.2,Medium,Normal,6.88,12.5,60.0,0.86,4.13,19.3,12.9,25.7,Maintain standard balanced ration; ensure clean water and routine mineral mixture.
bhelai,Calf,65.4,1,0.0,2.8,Medium,Ringworm,1.86,20.5,72.0,0.38,1.34,4.5,2.9,5.2,"Add biotin, zinc and Vitamin A/E supplementation for skin and coat health; maintain hygiene of housing; mild protein boost aids skin recovery; topical antifungal treatment as advised by vet."
bhelai,Growing/Heifer,113.4,24,0.0,3.4,High,Ringworm,3.03,15.5,65.0,0.47,1.97,7.8,5.0,14.1,"Add biotin, zinc and Vitamin A/E supplementation for skin and coat health; maintain hygiene of housing; mild protein boost aids skin recovery; topical antifungal treatment as advised by vet."
bhelai,Dairy Dry,319.8,76,0.0,2.8,Medium,Normal,7.04,12.5,60.0,0.88,4.22,19.2,12.8,25.6,Maintain standard balanced ration; ensure clean water and routine mineral mixture.
bhelai,Dairy Lactating,292.4,78,7.4,2.8,Medium,Normal,10.99,17.4,71.1,1.91,7.81,43.4,28.0,45.6,Maintain standard balanced ration; ensure clean water and routine mineral mixture.
bhelai,Dairy Dry,302.0,44,0.0,3.2,Medium,Normal,6.64,12.5,60.0,0.83,3.98,18.1,12.1,24.2,Maintain standard balanced ration; ensure clean water and routine mineral mixture.
bhelai,Draft/Working Bullock,258.2,29,0.0,3.2,Medium,Normal,6.2,11.5,63.0,0.71,3.91,15.5,10.3,20.7,Maintain standard balanced ration; ensure clean water and routine mineral mixture.
bhelai,Draft/Working Bullock,318.7,63,0.0,3.8,Medium,Normal,7.65,11.5,63.0,0.88,4.82,19.1,12.7,25.5,Maintain standard balanced ration; ensure clean water and routine mineral mixture.
bhelai,Dairy Dry,335.7,54,0.0,3.8,High,Ringworm,7.58,13.0,60.0,0.99,4.55,23.2,14.8,31.9,"Add biotin, zinc and Vitamin A/E supplementation for skin and coat health; maintain hygiene of housing; mild protein boost aids skin recovery; topical antifungal treatment as advised by vet."
bhelai,Dairy Lactating,251.3,52,7.2,3.3,Medium,Normal,9.7,17.4,71.1,1.69,6.9,40.3,25.9,41.7,Maintain standard balanced ration; ensure clean water and routine mineral mixture.
bhelai,Draft/Working Bullock,261.9,34,0.0,3.1,High,Ringworm,6.45,12.0,72.4,0.77,4.67,18.1,11.5,26.0,"Add biotin, zinc and Vitamin A/E supplementation for skin and coat health; maintain hygiene of housing; mild protein boost aids skin recovery; topical antifungal treatment as advised by vet."
bhelai,Draft/Working Bullock,347.8,138,0.0,2.6,High,Normal,9.01,11.5,72.4,1.04,6.52,20.9,13.9,32.8,Maintain standard balanced ration; ensure clean water and routine mineral mixture.
bhelai,Breeding Bull,295.2,75,0.0,4.1,Low,Lumpy Skin Disease,4.8,15.0,62.0,0.72,2.98,19.5,12.4,23.6,"Increase protein and add Vitamin A, D, E and zinc for skin healing and immunity; offer soft palatable feed if appetite is reduced; isolate from herd; ensure fly/vector control."
bhelai,Breeding Bull,310.1,99,0.0,4.0,Medium,Normal,7.13,13.0,62.0,0.93,4.42,18.6,12.4,24.8,Maintain standard balanced ration; ensure clean water and routine mineral mixture.
bhelai,Breeding Bull,375.5,75,0.0,3.2,Medium,Normal,8.64,13.0,62.0,1.12,5.36,22.5,15.0,30.0,Maintain standard balanced ration; ensure clean water and routine mineral mixture.
bhelai,Dairy Dry,273.1,93,0.0,3.9,Low,Lumpy Skin Disease,4.57,15.0,62.0,0.69,2.83,18.0,11.5,21.8,"Increase protein and add Vitamin A, D, E and zinc for skin healing and immunity; offer soft palatable feed if appetite is reduced; isolate from herd; ensure fly/vector control."
bhelai,Calf,61.8,4,0.0,2.6,Medium,Normal,1.85,20.0,72.0,0.37,1.33,3.7,2.5,4.9,Maintain standard balanced ration; ensure clean water and routine mineral mixture.
dagri,Breeding Bull,262.6,103,0.0,4.1,Medium,Lumpy Skin Disease,4.49,15.0,62.0,0.67,2.78,17.3,11.0,21.0,"Increase protein and add Vitamin A, D, E and zinc for skin healing and immunity; offer soft palatable feed if appetite is reduced; isolate from herd; ensure fly/vector control."
dagri,Growing/Heifer,183.9,16,0.0,2.4,Medium,Ringworm,4.91,16.5,68.0,0.81,3.34,12.7,8.1,14.7,"Add biotin, zinc and Vitamin A/E supplementation for skin and coat health; maintain hygiene of housing; mild protein boost aids skin recovery; topical antifungal treatment as advised by vet."
dagri,Breeding Bull,346.9,26,0.0,3.6,High,Normal,8.62,13.0,62.0,1.12,5.34,20.8,13.9,32.8,Maintain standard balanced ration; ensure clean water and routine mineral mixture.
dagri,Dairy Lactating,294.3,78,4.6,2.4,Medium,Lumpy Skin Disease,8.82,20.8,75.7,1.83,6.68,37.1,23.0,37.3,"Increase protein and add Vitamin A, D, E and zinc for skin healing and immunity; offer soft palatable feed if appetite is reduced; isolate from herd; ensure fly/vector control."
dagri,Draft/Working Bullock,299.1,45,0.0,2.7,High,Normal,7.75,11.5,72.4,0.89,5.61,17.9,12.0,28.9,Maintain standard balanced ration; ensure clean water and routine mineral mixture.
dagri,Calf,58.6,5,0.0,3.0,Low,Normal,1.67,20.0,72.0,0.33,1.2,3.5,2.3,4.7,Maintain standard balanced ration; ensure clean water and routine mineral mixture.
dagri,Growing/Heifer,102.9,23,0.0,2.9,Medium,FMD,1.93,16.0,68.0,0.31,1.31,6.5,4.3,8.2,Offer soft/gruel feed (mouth lesions reduce chewing) split into more frequent small meals; add electrolytes and energy-dense concentrate; isolate animal; consult vet for antiviral/supportive care.
dagri,Dairy Lactating,256.1,71,6.9,2.3,Medium,Lumpy Skin Disease,8.43,20.9,76.0,1.76,6.41,43.5,26.7,41.2,"Increase protein and add Vitamin A, D, E and zinc for skin healing and immunity; offer soft palatable feed if appetite is reduced; isolate from herd; ensure fly/vector control."
dagri,Breeding Bull,357.1,27,0.0,3.6,Medium,Ringworm,7.8,13.5,62.0,1.05,4.84,24.6,15.7,28.6,"Add biotin, zinc and Vitamin A/E supplementation for skin and coat health; maintain hygiene of housing; mild protein boost aids skin recovery; topical antifungal treatment as advised by vet."
dagri,Dairy Dry,255.6,74,0.0,2.9,Low,Normal,5.34,12.5,60.0,0.67,3.2,15.3,10.2,20.4,Maintain standard balanced ration; ensure clean water and routine mineral mixture.
dagri,Calf,30.7,6,0.0,2.5,Low,Normal,1.0,20.0,72.0,0.2,0.72,1.8,1.2,2.5,Maintain standard balanced ration; ensure clean water and routine mineral mixture.
dagri,Dairy Dry,336.3,114,0.0,3.4,High,Normal,7.99,12.5,60.0,1.0,4.79,20.2,13.5,31.9,Maintain standard balanced ration; ensure clean water and routine mineral mixture.
dagri,Draft/Working Bullock,308.8,84,0.0,4.0,Medium,Normal,7.41,11.5,63.0,0.85,4.67,18.5,12.4,24.7,Maintain standard balanced ration; ensure clean water and routine mineral mixture.
dagri,Breeding Bull,335.8,36,0.0,4.0,Medium,Normal,7.72,13.0,62.0,1.0,4.79,20.1,13.4,26.9,Maintain standard balanced ration; ensure clean water and routine mineral mixture.
dagri,Draft/Working Bullock,266.7,67,0.0,2.9,High,Normal,6.91,11.5,72.4,0.79,5.0,16.0,10.7,26.3,Maintain standard balanced ration; ensure clean water and routine mineral mixture.
dagri,Draft/Working Bullock,347.4,132,0.0,2.6,High,Normal,9.0,11.5,72.4,1.03,6.52,20.8,13.9,32.8,Maintain standard balanced ration; ensure clean water and routine mineral mixture.
dagri,Dairy Lactating,279.7,36,7.4,3.6,Medium,Ringworm,10.08,17.9,71.1,1.8,7.17,49.1,30.2,44.6,"Add biotin, zinc and Vitamin A/E supplementation for skin and coat health; maintain hygiene of housing; mild protein boost aids skin recovery; topical antifungal treatment as advised by vet."
dagri,Draft/Working Bullock,307.8,132,0.0,3.4,Medium,FMD,5.32,12.5,66.0,0.67,3.51,19.4,12.9,24.6,Offer soft/gruel feed (mouth lesions reduce chewing) split into more frequent small meals; add electrolytes and energy-dense concentrate; isolate animal; consult vet for antiviral/supportive care.
dagri,Breeding Bull,308.0,84,0.0,3.1,High,Normal,7.65,13.0,62.0,0.99,4.74,18.5,12.3,29.6,Maintain standard balanced ration; ensure clean water and routine mineral mixture.
dagri,Dairy Lactating,316.3,85,6.7,2.8,Low,Normal,10.92,17.4,71.0,1.9,7.75,42.4,27.4,45.4,Maintain standard balanced ration; ensure clean water and routine mineral mixture.
dagri,Draft/Working Bullock,304.8,121,0.0,3.8,High,Normal,7.9,11.5,72.4,0.91,5.72,18.3,12.2,29.4,Maintain standard balanced ration; ensure clean water and routine mineral mixture.
dagri,Growing/Heifer,150.7,22,0.0,3.1,Medium,Ringworm,3.72,15.5,65.0,0.58,2.42,10.4,6.6,12.1,"Add biotin, zinc and Vitamin A/E supplementation for skin and coat health; maintain hygiene of housing; mild protein boost aids skin recovery; topical antifungal treatment as advised by vet."
dagri,Breeding Bull,347.4,127,0.0,3.7,Medium,FMD,5.75,14.0,65.0,0.81,3.74,21.9,14.6,27.8,Offer soft/gruel feed (mouth lesions reduce chewing) split into more frequent small meals; add electrolytes and energy-dense concentrate; isolate animal; consult vet for antiviral/supportive care.
dagri,Breeding Bull,292.8,49,0.0,3.2,Medium,Normal,6.73,13.0,62.0,0.87,4.17,17.6,11.7,23.4,Maintain standard balanced ration; ensure clean water and routine mineral mixture.
gangatari,Dairy Dry,281.9,82,0.0,3.7,Low,Normal,5.89,12.5,60.0,0.74,3.53,16.9,11.3,22.6,Maintain standard balanced ration; ensure clean water and routine mineral mixture.
gangatari,Dairy Dry,332.4,64,0.0,3.5,Low,FMD,5.0,13.5,63.0,0.68,3.15,20.9,14.0,26.6,Offer soft/gruel feed (mouth lesions reduce chewing) split into more frequent small meals; add electrolytes and energy-dense concentrate; isolate animal; consult vet for antiviral/supportive care.
gangatari,Dairy Dry,261.4,60,0.0,2.8,Low,Lumpy Skin Disease,4.37,15.0,62.0,0.66,2.71,17.3,11.0,20.9,"Increase protein and add Vitamin A, D, E and zinc for skin healing and immunity; offer soft palatable feed if appetite is reduced; isolate from herd; ensure fly/vector control."
gangatari,Dairy Dry,306.0,92,0.0,3.2,Medium,Normal,6.73,12.5,60.0,0.84,4.04,18.4,12.2,24.5,Maintain standard balanced ration; ensure clean water and routine mineral mixture.
gangatari,Growing/Heifer,111.6,15,0.0,3.2,Medium,Normal,2.9,15.0,65.0,0.43,1.89,6.7,4.5,8.9,Maintain standard balanced ration; ensure clean water and routine mineral mixture.
gangatari,Calf,44.6,6,0.0,3.3,Low,FMD,1.0,21.0,75.0,0.21,0.75,2.8,1.9,3.6,Offer soft/gruel feed (mouth lesions reduce chewing) split into more frequent small meals; add electrolytes and energy-dense concentrate; isolate animal; consult vet for antiviral/supportive care.
gangatari,Calf,67.6,4,0.0,3.3,Low,Lumpy Skin Disease,1.54,22.5,74.0,0.35,1.14,4.5,2.8,5.4,"Increase protein and add Vitamin A, D, E and zinc for skin healing and immunity; offer soft palatable feed if appetite is reduced; isolate from herd; ensure fly/vector control."
gangatari,Growing/Heifer,127.7,14,0.0,3.4,Medium,Lumpy Skin Disease,2.66,17.5,67.0,0.47,1.78,8.4,5.4,10.2,"Increase protein and add Vitamin A, D, E and zinc for skin healing and immunity; offer soft palatable feed if appetite is reduced; isolate from herd; ensure fly/vector control."
gangatari,Breeding Bull,303.7,56,0.0,3.9,Medium,Normal,6.99,13.0,62.0,0.91,4.33,18.2,12.1,24.3,Maintain standard balanced ration; ensure clean water and routine mineral mixture.
gangatari,Breeding Bull,321.4,118,0.0,3.4,Medium,Normal,7.39,13.0,62.0,0.96,4.58,19.3,12.9,25.7,Maintain standard balanced ration; ensure clean water and routine mineral mixture.
gangatari,Growing/Heifer,216.9,13,0.0,2.4,Medium,Normal,6.09,16.0,68.0,0.97,4.14,13.0,8.7,17.4,Maintain standard balanced ration; ensure clean water and routine mineral mixture.
gangatari,Dairy Lactating,344.9,119,7.4,2.8,Medium,Ringworm,11.94,17.9,71.1,2.14,8.49,53.6,33.1,49.8,"Add biotin, zinc and Vitamin A/E supplementation for skin and coat health; maintain hygiene of housing; mild protein boost aids skin recovery; topical antifungal treatment as advised by vet."
gangatari,Growing/Heifer,154.9,18,0.0,2.5,Medium,Ringworm,3.83,15.5,65.0,0.59,2.49,10.7,6.8,12.4,"Add biotin, zinc and Vitamin A/E supplementation for skin and coat health; maintain hygiene of housing; mild protein boost aids skin recovery; topical antifungal treatment as advised by vet."
gangatari,Calf,60.9,6,0.0,3.0,Medium,Normal,1.83,20.0,72.0,0.37,1.32,3.7,2.4,4.9,Maintain standard balanced ration; ensure clean water and routine mineral mixture.
gangatari,Breeding Bull,321.3,73,0.0,3.5,High,Normal,7.98,13.0,62.0,1.04,4.95,19.3,12.9,30.7,Maintain standard balanced ration; ensure clean water and routine mineral mixture.
gangatari,Growing/Heifer,172.3,21,0.0,2.6,High,Normal,4.84,15.0,65.0,0.73,3.15,10.3,6.9,18.8,Maintain standard balanced ration; ensure clean water and routine mineral mixture.
gangatari,Calf,45.5,2,0.0,2.2,Low,Normal,1.4,21.0,75.0,0.29,1.05,2.7,1.8,3.6,Maintain standard balanced ration; ensure clean water and routine mineral mixture.
gangatari,Draft/Working Bullock,328.9,76,0.0,2.9,Low,Lumpy Skin Disease,6.0,14.0,61.8,0.84,3.71,21.7,13.8,26.3,"Increase protein and add Vitamin A, D, E and zinc for skin healing and immunity; offer soft palatable feed if appetite is reduced; isolate from herd; ensure fly/vector control."
gangatari,Dairy Dry,323.7,90,0.0,3.9,Medium,Normal,7.12,12.5,60.0,0.89,4.27,19.4,12.9,25.9,Maintain standard balanced ration; ensure clean water and routine mineral mixture.
gangatari,Calf,58.0,2,0.0,2.5,Medium,Lumpy Skin Disease,1.39,22.5,74.0,0.31,1.03,3.8,2.4,4.6,"Increase protein and add Vitamin A, D, E and zinc for skin healing and immunity; offer soft palatable feed if appetite is reduced; isolate from herd; ensure fly/vector control."
gangatari,Draft/Working Bullock,295.3,65,0.0,2.5,Low,FMD,4.85,12.5,62.7,0.61,3.04,18.6,12.4,23.6,Offer soft/gruel feed (mouth lesions reduce chewing) split into more frequent small meals; add electrolytes and energy-dense concentrate; isolate animal; consult vet for antiviral/supportive care.
gangatari,Draft/Working Bullock,329.1,80,0.0,2.7,High,FMD,6.14,12.5,75.9,0.77,4.66,20.7,13.8,31.3,Offer soft/gruel feed (mouth lesions reduce chewing) split into more frequent small meals; add electrolytes and energy-dense concentrate; isolate animal; consult vet for antiviral/supportive care.
gangatari,Dairy Lactating,258.2,103,4.7,3.0,High,Lumpy Skin Disease,7.91,19.8,72.7,1.57,5.75,35.1,21.7,39.8,"Increase protein and add Vitamin A, D, E and zinc for skin healing and immunity; offer soft palatable feed if appetite is reduced; isolate from herd; ensure fly/vector control."
gangatari,Growing/Heifer,188.1,20,0.0,2.7,Medium,Normal,4.89,15.0,65.0,0.73,3.18,11.3,7.5,15.0,Maintain standard balanced ration; ensure clean water and routine mineral mixture.
gaolao,Draft/Working Bullock,432.7,99,0.0,3.7,Medium,Normal,10.38,11.5,63.0,1.19,6.54,26.0,17.3,34.6,Maintain standard balanced ration; ensure clean water and routine mineral mixture.
gaolao,Growing/Heifer,311.4,19,0.0,3.3,Low,Ringworm,7.31,15.5,65.0,1.13,4.75,21.5,13.7,24.9,"Add biotin, zinc and Vitamin A/E supplementation for skin and coat health; maintain hygiene of housing; mild protein boost aids skin recovery; topical antifungal treatment as advised by vet."
gaolao,Breeding Bull,425.3,106,0.0,3.1,Medium,Normal,9.78,13.0,62.0,1.27,6.06,25.5,17.0,34.0,Maintain standard balanced ration; ensure clean water and routine mineral mixture.
gaolao,Growing/Heifer,200.5,8,0.0,2.4,Low,Normal,5.35,16.0,68.0,0.86,3.64,12.0,8.0,16.0,Maintain standard balanced ration; ensure clean water and routine mineral mixture.
gaolao,Breeding Bull,379.1,39,0.0,4.2,High,Lumpy Skin Disease,7.01,15.0,62.0,1.05,4.35,25.0,15.9,35.3,"Increase protein and add Vitamin A, D, E and zinc for skin healing and immunity; offer soft palatable feed if appetite is reduced; isolate from herd; ensure fly/vector control."
gaolao,Dairy Dry,372.4,45,0.0,2.8,High,Lumpy Skin Disease,7.08,15.0,62.0,1.06,4.39,24.6,15.6,34.8,"Increase protein and add Vitamin A, D, E and zinc for skin healing and immunity; offer soft palatable feed if appetite is reduced; isolate from herd; ensure fly/vector control."
gaolao,Dairy Lactating,424.6,66,9.6,2.9,Low,Normal,14.84,17.6,71.4,2.61,10.6,59.1,38.1,62.8,Maintain standard balanced ration; ensure clean water and routine mineral mixture.
gaolao,Dairy Lactating,368.9,116,6.9,3.6,Low,Ringworm,11.86,17.9,71.0,2.12,8.42,53.2,32.9,50.2,"Add biotin, zinc and Vitamin A/E supplementation for skin and coat health; maintain hygiene of housing; mild protein boost aids skin recovery; topical antifungal treatment as advised by vet."
gaolao,Growing/Heifer,275.9,21,0.0,3.0,Medium,Normal,7.17,15.0,65.0,1.08,4.66,16.6,11.0,22.1,Maintain standard balanced ration; ensure clean water and routine mineral mixture.
gaolao,Growing/Heifer,288.3,17,0.0,2.3,Medium,Normal,8.1,16.0,68.0,1.3,5.51,17.3,11.5,23.1,Maintain standard balanced ration; ensure clean water and routine mineral mixture.
gaolao,Breeding Bull,387.2,56,0.0,3.1,High,Normal,9.62,13.0,62.0,1.25,5.96,23.2,15.5,36.0,Maintain standard balanced ration; ensure clean water and routine mineral mixture.
gaolao,Dairy Lactating,443.9,107,15.2,3.2,Medium,Normal,17.88,17.9,72.3,3.2,12.93,79.8,51.2,81.1,Maintain standard balanced ration; ensure clean water and routine mineral mixture.
gaolao,Dairy Lactating,412.0,94,8.7,2.8,Medium,Ringworm,14.22,18.0,71.3,2.56,10.14,63.4,39.2,59.1,"Add biotin, zinc and Vitamin A/E supplementation for skin and coat health; maintain hygiene of housing; mild protein boost aids skin recovery; topical antifungal treatment as advised by vet."
gaolao,Breeding Bull,424.0,29,0.0,3.8,High,Ringworm,10.01,13.5,62.0,1.35,6.21,29.3,18.7,38.9,"Add biotin, zinc and Vitamin A/E supplementation for skin and coat health; maintain hygiene of housing; mild protein boost aids skin recovery; topical antifungal treatment as advised by vet."
gaolao,Growing/Heifer,192.2,9,0.0,2.2,Low,Normal,5.13,16.0,68.0,0.82,3.49,11.5,7.7,15.4,Maintain standard balanced ration; ensure clean water and routine mineral mixture.
gaolao,Growing/Heifer,302.9,22,0.0,3.1,High,Normal,8.51,15.0,65.0,1.28,5.53,18.2,12.1,29.2,Maintain standard balanced ration; ensure clean water and routine mineral mixture.
gaolao,Dairy Lactating,433.0,108,14.5,3.0,Medium,Normal,17.34,17.9,72.2,3.1,12.52,76.7,49.2,78.1,Maintain standard balanced ration; ensure clean water and routine mineral mixture.
gaolao,Draft/Working Bullock,426.4,86,0.0,2.7,High,FMD,7.96,12.5,75.9,0.99,6.04,26.9,17.9,39.1,Offer soft/gruel feed (mouth lesions reduce chewing) split into more frequent small meals; add electrolytes and energy-dense concentrate; isolate animal; consult vet for antiviral/supportive care.
gaolao,Dairy Dry,368.9,36,0.0,2.6,Low,Normal,7.71,12.5,60.0,0.96,4.63,22.1,14.8,29.5,Maintain standard balanced ration; ensure clean water and routine mineral mixture.
gaolao,Growing/Heifer,235.8,21,0.0,3.4,Low,Normal,5.82,15.0,65.0,0.87,3.78,14.1,9.4,18.9,Maintain standard balanced ration; ensure clean water and routine mineral mixture.
gaolao,Draft/Working Bullock,398.5,95,0.0,3.2,High,Ringworm,9.81,12.0,72.4,1.18,7.1,27.5,17.5,36.9,"Add biotin, zinc and Vitamin A/E supplementation for skin and coat health; maintain hygiene of housing; mild protein boost aids skin recovery; topical antifungal treatment as advised by vet."
gaolao,Calf,50.9,3,0.0,2.3,Low,Normal,1.57,21.0,75.0,0.33,1.18,3.1,2.0,4.1,Maintain standard balanced ration; ensure clean water and routine mineral mixture.
gaolao,Dairy Lactating,439.1,102,11.7,3.2,High,Normal,18.02,17.7,71.8,3.19,12.94,67.3,43.3,75.2,Maintain standard balanced ration; ensure clean water and routine mineral mixture.
gaolao,Breeding Bull,396.2,47,0.0,4.2,Medium,Ringworm,8.05,13.0,60.0,1.05,4.83,27.3,17.4,31.7,"Add biotin, zinc and Vitamin A/E supplementation for skin and coat health; maintain hygiene of housing; mild protein boost aids skin recovery; topical antifungal treatment as advised by vet."
ghumsari,Calf,59.1,3,0.0,2.6,Low,Ringworm,1.6,20.5,72.0,0.33,1.15,4.1,2.6,4.7,"Add biotin, zinc and Vitamin A/E supplementation for skin and coat health; maintain hygiene of housing; mild protein boost aids skin recovery; topical antifungal treatment as advised by vet."
ghumsari,Dairy Lactating,252.9,49,6.1,3.4,Medium,FMD,6.78,18.4,73.9,1.25,5.01,38.4,24.7,38.5,Offer soft/gruel feed (mouth lesions reduce chewing) split into more frequent small meals; add electrolytes and energy-dense concentrate; isolate animal; consult vet for antiviral/supportive care.
ghumsari,Dairy Lactating,315.8,106,6.8,2.1,Medium,Normal,12.44,18.4,74.0,2.29,9.21,42.7,27.6,45.7,Maintain standard balanced ration; ensure clean water and routine mineral mixture.
ghumsari,Draft/Working Bullock,340.7,117,0.0,3.7,Medium,Ringworm,7.77,12.0,63.0,0.93,4.9,23.5,15.0,27.3,"Add biotin, zinc and Vitamin A/E supplementation for skin and coat health; maintain hygiene of housing; mild protein boost aids skin recovery; topical antifungal treatment as advised by vet."
ghumsari,Draft/Working Bullock,282.3,60,0.0,2.6,Low,Ringworm,6.11,12.0,59.8,0.73,3.65,19.5,12.4,22.6,"Add biotin, zinc and Vitamin A/E supplementation for skin and coat health; maintain hygiene of housing; mild protein boost aids skin recovery; topical antifungal treatment as advised by vet."
ghumsari,Dairy Dry,289.9,41,0.0,2.8,High,Ringworm,6.54,13.0,60.0,0.85,3.92,20.0,12.8,28.2,"Add biotin, zinc and Vitamin A/E supplementation for skin and coat health; maintain hygiene of housing; mild protein boost aids skin recovery; topical antifungal treatment as advised by vet."
ghumsari,Calf,60.7,1,0.0,3.2,Low,Lumpy Skin Disease,1.38,22.5,74.0,0.31,1.02,4.0,2.5,4.9,"Increase protein and add Vitamin A, D, E and zinc for skin healing and immunity; offer soft palatable feed if appetite is reduced; isolate from herd; ensure fly/vector control."
ghumsari,Draft/Working Bullock,262.1,43,0.0,3.2,High,Lumpy Skin Disease,5.43,14.0,74.8,0.76,4.06,17.3,11.0,26.0,"Increase protein and add Vitamin A, D, E and zinc for skin healing and immunity; offer soft palatable feed if appetite is reduced; isolate from herd; ensure fly/vector control."
ghumsari,Dairy Lactating,310.4,117,6.9,2.2,Medium,Normal,12.29,18.4,74.0,2.26,9.09,42.8,27.6,45.5,Maintain standard balanced ration; ensure clean water and routine mineral mixture.
ghumsari,Dairy Dry,297.6,79,0.0,3.3,Medium,Lumpy Skin Disease,5.24,15.0,62.0,0.79,3.25,19.6,12.5,23.8,"Increase protein and add Vitamin A, D, E and zinc for skin healing and immunity; offer soft palatable feed if appetite is reduced; isolate from herd; ensure fly/vector control."
ghumsari,Dairy Lactating,268.6,108,7.4,2.2,Medium,Ringworm,10.55,18.9,74.1,1.99,7.82,48.3,29.7,43.7,"Add biotin, zinc and Vitamin A/E supplementation for skin and coat health; maintain hygiene of housing; mild protein boost aids skin recovery; topical antifungal treatment as advised by vet."
ghumsari,Draft/Working Bullock,314.8,52,0.0,3.6,High,Normal,8.16,11.5,72.4,0.94,5.91,18.9,12.6,30.2,Maintain standard balanced ration; ensure clean water and routine mineral mixture.
ghumsari,Draft/Working Bullock,258.4,91,0.0,3.2,Low,Lumpy Skin Disease,4.71,14.0,61.8,0.66,2.91,17.1,10.9,20.7,"Increase protein and add Vitamin A, D, E and zinc for skin healing and immunity; offer soft palatable feed if appetite is reduced; isolate from herd; ensure fly/vector control."
ghumsari,Dairy Lactating,348.4,49,10.0,2.6,Low,Normal,12.78,17.6,71.5,2.25,9.14,55.9,35.9,57.9,Maintain standard balanced ration; ensure clean water and routine mineral mixture.
ghumsari,Breeding Bull,347.1,30,0.0,3.8,Medium,Normal,7.98,13.0,62.0,1.04,4.95,20.8,13.9,27.8,Maintain standard balanced ration; ensure clean water and routine mineral mixture.
ghumsari,Dairy Dry,322.0,114,0.0,3.7,Medium,FMD,5.1,13.5,63.0,0.69,3.21,20.3,13.5,25.8,Offer soft/gruel feed (mouth lesions reduce chewing) split into more frequent small meals; add electrolytes and energy-dense concentrate; isolate animal; consult vet for antiviral/supportive care.
ghumsari,Breeding Bull,287.3,26,0.0,3.3,Low,Normal,6.28,13.0,62.0,0.82,3.89,17.2,11.5,23.0,Maintain standard balanced ration; ensure clean water and routine mineral mixture.
ghumsari,Calf,63.0,4,0.0,2.9,Low,FMD,1.29,21.0,75.0,0.27,0.97,4.0,2.6,5.0,Offer soft/gruel feed (mouth lesions reduce chewing) split into more frequent small meals; add electrolytes and energy-dense concentrate; isolate animal; consult vet for antiviral/supportive care.
ghumsari,Breeding Bull,316.6,127,0.0,4.3,Low,Normal,6.43,12.5,60.0,0.8,3.86,19.0,12.7,25.3,Maintain standard balanced ration; ensure clean water and routine mineral mixture.
ghumsari,Draft/Working Bullock,275.9,101,0.0,3.5,High,Normal,7.15,11.5,72.4,0.82,5.18,16.6,11.0,27.1,Maintain standard balanced ration; ensure clean water and routine mineral mixture.
ghumsari,Dairy Dry,251.3,44,0.0,3.5,Medium,Normal,5.53,12.5,60.0,0.69,3.32,15.1,10.1,20.1,Maintain standard balanced ration; ensure clean water and routine mineral mixture.
ghumsari,Draft/Working Bullock,310.2,119,0.0,3.2,High,Ringworm,7.64,12.0,72.4,0.92,5.53,21.4,13.6,29.8,"Add biotin, zinc and Vitamin A/E supplementation for skin and coat health; maintain hygiene of housing; mild protein boost aids skin recovery; topical antifungal treatment as advised by vet."
ghumsari,Dairy Lactating,317.4,118,9.1,2.8,Medium,Normal,12.25,17.5,71.4,2.14,8.75,50.9,32.7,52.7,Maintain standard balanced ration; ensure clean water and routine mineral mixture.
ghumsari,Calf,29.6,2,0.0,3.5,Medium,Normal,1.0,20.0,72.0,0.2,0.72,1.8,1.2,2.4,Maintain standard balanced ration; ensure clean water and routine mineral mixture.
kherigarh,Draft/Working Bullock,315.0,42,0.0,3.2,High,Lumpy Skin Disease,6.53,14.0,74.8,0.91,4.88,20.8,13.2,30.2,"Increase protein and add Vitamin A, D, E and zinc for skin healing and immunity; offer soft palatable feed if appetite is reduced; isolate from herd; ensure fly/vector control."
kherigarh,Growing/Heifer,139.4,9,0.0,2.7,Low,Normal,3.44,15.0,65.0,0.52,2.24,8.4,5.6,11.2,Maintain standard balanced ration; ensure clean water and routine mineral mixture.
kherigarh,Growing/Heifer,218.6,21,0.0,3.3,Medium,Normal,5.68,15.0,65.0,0.85,3.69,13.1,8.7,17.5,Maintain standard balanced ration; ensure clean water and routine mineral mixture.
kherigarh,Breeding Bull,335.9,130,0.0,3.0,Medium,Lumpy Skin Disease,6.18,15.5,64.0,0.96,3.96,22.2,14.1,26.9,"Increase protein and add Vitamin A, D, E and zinc for skin healing and immunity; offer soft palatable feed if appetite is reduced; isolate from herd; ensure fly/vector control."
kherigarh,Dairy Dry,323.7,93,0.0,3.4,Medium,Normal,7.12,12.5,60.0,0.89,4.27,19.4,12.9,25.9,Maintain standard balanced ration; ensure clean water and routine mineral mixture.
kherigarh,Dairy Dry,298.6,81,0.0,3.4,Medium,FMD,4.73,13.5,63.0,0.64,2.98,18.8,12.5,23.9,Offer soft/gruel feed (mouth lesions reduce chewing) split into more frequent small meals; add electrolytes and energy-dense concentrate; isolate animal; consult vet for antiviral/supportive care.
kherigarh,Dairy Dry,321.4,59,0.0,3.3,Medium,Normal,7.07,12.5,60.0,0.88,4.24,19.3,12.9,25.7,Maintain standard balanced ration; ensure clean water and routine mineral mixture.
kherigarh,Calf,64.9,3,0.0,2.7,Low,Ringworm,1.76,20.5,72.0,0.36,1.27,4.5,2.9,5.2,"Add biotin, zinc and Vitamin A/E supplementation for skin and coat health; maintain hygiene of housing; mild protein boost aids skin recovery; topical antifungal treatment as advised by vet."
kherigarh,Dairy Lactating,319.8,87,4.9,2.6,Low,Normal,10.51,17.3,70.7,1.82,7.43,36.3,23.6,40.3,Maintain standard balanced ration; ensure clean water and routine mineral mixture.
kherigarh,Growing/Heifer,149.3,23,0.0,2.5,Medium,Lumpy Skin Disease,3.11,17.5,67.0,0.54,2.08,9.9,6.3,11.9,"Increase protein and add Vitamin A, D, E and zinc for skin healing and immunity; offer soft palatable feed if appetite is reduced; isolate from herd; ensure fly/vector control."
kherigarh,Draft/Working Bullock,263.1,83,0.0,2.9,High,Ringworm,6.48,12.0,72.4,0.78,4.69,18.2,11.6,26.0,"Add biotin, zinc and Vitamin A/E supplementation for skin and coat health; maintain hygiene of housing; mild protein boost aids skin recovery; topical antifungal treatment as advised by vet."
kherigarh,Draft/Working Bullock,323.5,107,0.0,3.7,High,Lumpy Skin Disease,6.71,14.0,74.8,0.94,5.02,21.4,13.6,30.9,"Increase protein and add Vitamin A, D, E and zinc for skin healing and immunity; offer soft palatable feed if appetite is reduced; isolate from herd; ensure fly/vector control."
kherigarh,Breeding Bull,309.5,50,0.0,4.0,Low,Normal,6.76,13.0,62.0,0.88,4.19,18.6,12.4,24.8,Maintain standard balanced ration; ensure clean water and routine mineral mixture.
kherigarh,Breeding Bull,276.3,86,0.0,4.5,Medium,Normal,5.91,12.5,60.0,0.74,3.55,16.6,11.1,22.1,Maintain standard balanced ration; ensure clean water and routine mineral mixture.
kherigarh,Calf,42.0,1,0.0,3.0,Low,Ringworm,1.14,20.5,72.0,0.23,0.82,2.9,1.8,3.4,"Add biotin, zinc and Vitamin A/E supplementation for skin and coat health; maintain hygiene of housing; mild protein boost aids skin recovery; topical antifungal treatment as advised by vet."
kherigarh,Breeding Bull,347.4,28,0.0,3.2,Low,FMD,5.47,14.0,65.0,0.77,3.56,21.9,14.6,27.8,Offer soft/gruel feed (mouth lesions reduce chewing) split into more frequent small meals; add electrolytes and energy-dense concentrate; isolate animal; consult vet for antiviral/supportive care.
kherigarh,Dairy Dry,349.4,63,0.0,3.7,Medium,Lumpy Skin Disease,6.15,15.0,62.0,0.92,3.81,23.1,14.7,28.0,"Increase protein and add Vitamin A, D, E and zinc for skin healing and immunity; offer soft palatable feed if appetite is reduced; isolate from herd; ensure fly/vector control."
kherigarh,Breeding Bull,383.1,58,0.0,4.3,Medium,Normal,8.19,12.5,60.0,1.02,4.91,23.0,15.3,30.6,Maintain standard balanced ration; ensure clean water and routine mineral mixture.
kherigarh,Calf,66.6,4,0.0,3.1,High,Lumpy Skin Disease,1.73,22.5,74.0,0.39,1.28,4.4,2.8,10.3,"Increase protein and add Vitamin A, D, E and zinc for skin healing and immunity; offer soft palatable feed if appetite is reduced; isolate from herd; ensure fly/vector control."
kherigarh,Breeding Bull,341.0,124,0.0,3.8,Medium,Normal,7.84,13.0,62.0,1.02,4.86,20.5,13.6,27.3,Maintain standard balanced ration; ensure clean water and routine mineral mixture.
kherigarh,Calf,63.0,2,0.0,2.4,Low,Normal,1.94,21.0,75.0,0.41,1.46,3.8,2.5,5.0,Maintain standard balanced ration; ensure clean water and routine mineral mixture.
kherigarh,Draft/Working Bullock,259.9,135,0.0,3.5,Medium,Normal,6.24,11.5,63.0,0.72,3.93,15.6,10.4,20.8,Maintain standard balanced ration; ensure clean water and routine mineral mixture.
kherigarh,Growing/Heifer,241.2,21,0.0,2.0,High,Normal,7.31,16.0,68.0,1.17,4.97,14.5,9.6,24.3,Maintain standard balanced ration; ensure clean water and routine mineral mixture.
kherigarh,Dairy Lactating,267.1,94,5.4,3.4,Medium,FMD,6.94,18.3,73.8,1.27,5.12,36.7,23.7,37.6,Offer soft/gruel feed (mouth lesions reduce chewing) split into more frequent small meals; add electrolytes and energy-dense concentrate; isolate animal; consult vet for antiviral/supportive care.
malvi,Growing/Heifer,229.9,11,0.0,3.2,Low,Normal,5.68,15.0,65.0,0.85,3.69,13.8,9.2,18.4,Maintain standard balanced ration; ensure clean water and routine mineral mixture.
malvi,Dairy Dry,395.2,88,0.0,3.3,Medium,Ringworm,8.26,13.0,60.0,1.07,4.96,27.3,17.4,31.6,"Add biotin, zinc and Vitamin A/E supplementation for skin and coat health; maintain hygiene of housing; mild protein boost aids skin recovery; topical antifungal treatment as advised by vet."
malvi,Dairy Dry,377.0,48,0.0,3.6,Medium,Normal,8.29,12.5,60.0,1.04,4.97,22.6,15.1,30.2,Maintain standard balanced ration; ensure clean water and routine mineral mixture.
malvi,Dairy Lactating,340.2,70,10.4,2.9,Medium,Normal,13.33,17.6,71.6,2.35,9.54,56.8,36.5,58.4,Maintain standard balanced ration; ensure clean water and routine mineral mixture.
malvi,Draft/Working Bullock,390.3,43,0.0,2.6,High,Lumpy Skin Disease,8.09,14.0,74.8,1.13,6.05,25.8,16.4,36.2,"Increase protein and add Vitamin A, D, E and zinc for skin healing and immunity; offer soft palatable feed if appetite is reduced; isolate from herd; ensure fly/vector control."
malvi,Draft/Working Bullock,352.0,136,0.0,2.9,High,FMD,6.57,12.5,75.9,0.82,4.99,22.2,14.8,33.2,Offer soft/gruel feed (mouth lesions reduce chewing) split into more frequent small meals; add electrolytes and energy-dense concentrate; isolate animal; consult vet for antiviral/supportive care.
malvi,Breeding Bull,389.7,62,0.0,3.5,High,Ringworm,9.2,13.5,62.0,1.24,5.7,26.9,17.1,36.2,"Add biotin, zinc and Vitamin A/E supplementation for skin and coat health; maintain hygiene of housing; mild protein boost aids skin recovery; topical antifungal treatment as advised by vet."
malvi,Breeding Bull,394.8,42,0.0,3.3,Medium,Lumpy Skin Disease,7.26,15.5,64.0,1.13,4.65,26.1,16.6,31.6,"Increase protein and add Vitamin A, D, E and zinc for skin healing and immunity; offer soft palatable feed if appetite is reduced; isolate from herd; ensure fly/vector control."
malvi,Draft/Working Bullock,369.7,80,0.0,3.8,High,Normal,9.58,11.5,72.4,1.1,6.94,22.2,14.8,34.6,Maintain standard balanced ration; ensure clean water and routine mineral mixture.
malvi,Growing/Heifer,135.7,16,0.0,2.6,Medium,Ringworm,3.35,15.5,65.0,0.52,2.18,9.4,6.0,10.9,"Add biotin, zinc and Vitamin A/E supplementation for skin and coat health; maintain hygiene of housing; mild protein boost aids skin recovery; topical antifungal treatment as advised by vet."
malvi,Breeding Bull,333.0,93,0.0,3.8,Medium,Lumpy Skin Disease,6.13,15.5,64.0,0.95,3.92,22.0,14.0,26.6,"Increase protein and add Vitamin A, D, E and zinc for skin healing and immunity; offer soft palatable feed if appetite is reduced; isolate from herd; ensure fly/vector control."
malvi,Growing/Heifer,137.1,7,0.0,2.9,Low,Lumpy Skin Disease,2.71,17.5,67.0,0.47,1.82,9.0,5.8,11.0,"Increase protein and add Vitamin A, D, E and zinc for skin healing and immunity; offer soft palatable feed if appetite is reduced; isolate from herd; ensure fly/vector control."
malvi,Draft/Working Bullock,398.7,78,0.0,2.7,Low,Normal,9.09,11.5,59.8,1.05,5.44,23.9,15.9,31.9,Maintain standard balanced ration; ensure clean water and routine mineral mixture.
malvi,Draft/Working Bullock,335.4,88,0.0,2.6,High,Normal,8.69,11.5,72.4,1.0,6.29,20.1,13.4,31.8,Maintain standard balanced ration; ensure clean water and routine mineral mixture.
malvi,Dairy Lactating,373.7,103,9.0,4.0,High,Ringworm,14.27,18.0,71.3,2.57,10.17,62.0,38.2,61.9,"Add biotin, zinc and Vitamin A/E supplementation for skin and coat health; maintain hygiene of housing; mild protein boost aids skin recovery; topical antifungal treatment as advised by vet."
malvi,Breeding Bull,426.1,115,0.0,3.8,Medium,Normal,9.8,13.0,62.0,1.27,6.08,25.6,17.0,34.1,Maintain standard balanced ration; ensure clean water and routine mineral mixture.
malvi,Dairy Lactating,378.5,115,11.1,3.3,Medium,Normal,14.69,17.7,71.7,2.6,10.53,61.6,39.6,63.6,Maintain standard balanced ration; ensure clean water and routine mineral mixture.
malvi,Growing/Heifer,172.4,10,0.0,3.2,Medium,Normal,4.48,15.0,65.0,0.67,2.91,10.3,6.9,13.8,Maintain standard balanced ration; ensure clean water and routine mineral mixture.
malvi,Draft/Working Bullock,382.8,78,0.0,2.6,Low,Ringworm,8.29,12.0,59.8,0.99,4.96,26.4,16.8,30.6,"Add biotin, zinc and Vitamin A/E supplementation for skin and coat health; maintain hygiene of housing; mild protein boost aids skin recovery; topical antifungal treatment as advised by vet."
malvi,Dairy Dry,344.6,57,0.0,3.1,Medium,FMD,5.46,13.5,63.0,0.74,3.44,21.7,14.5,27.6,Offer soft/gruel feed (mouth lesions reduce chewing) split into more frequent small meals; add electrolytes and energy-dense concentrate; isolate animal; consult vet for antiviral/supportive care.
malvi,Breeding Bull,352.9,123,0.0,3.7,Medium,Normal,8.12,13.0,62.0,1.06,5.03,21.2,14.1,28.2,Maintain standard balanced ration; ensure clean water and routine mineral mixture.
malvi,Dairy Dry,397.3,123,0.0,3.7,Low,Normal,8.3,12.5,60.0,1.04,4.98,23.8,15.9,31.8,Maintain standard balanced ration; ensure clean water and routine mineral mixture.
malvi,Draft/Working Bullock,312.9,82,0.0,3.6,High,Normal,8.11,11.5,72.4,0.93,5.87,18.8,12.5,30.0,Maintain standard balanced ration; ensure clean water and routine mineral mixture.
malvi,Growing/Heifer,202.1,21,0.0,3.4,Medium,Ringworm,4.99,15.5,65.0,0.77,3.24,13.9,8.9,16.2,"Add biotin, zinc and Vitamin A/E supplementation for skin and coat health; maintain hygiene of housing; mild protein boost aids skin recovery; topical antifungal treatment as advised by vet."
motu,Breeding Bull,275.5,76,0.0,3.4,Medium,Normal,6.34,13.0,62.0,0.82,3.93,16.5,11.0,22.0,Maintain standard balanced ration; ensure clean water and routine mineral mixture.
motu,Dairy Lactating,280.3,77,6.9,3.6,Low,FMD,7.17,18.4,74.0,1.32,5.31,43.0,27.7,43.1,Offer soft/gruel feed (mouth lesions reduce chewing) split into more frequent small meals; add electrolytes and energy-dense concentrate; isolate animal; consult vet for antiviral/supportive care.
motu,Calf,62.7,3,0.0,3.2,Low,Normal,1.79,20.0,72.0,0.36,1.29,3.8,2.5,5.0,Maintain standard balanced ration; ensure clean water and routine mineral mixture.
motu,Dairy Lactating,337.0,38,7.9,3.1,Medium,Ringworm,11.86,18.0,71.2,2.13,8.44,55.1,33.9,50.7,"Add biotin, zinc and Vitamin A/E supplementation for skin and coat health; maintain hygiene of housing; mild protein boost aids skin recovery; topical antifungal treatment as advised by vet."
motu,Dairy Dry,333.4,90,0.0,3.8,Low,Normal,6.97,12.5,60.0,0.87,4.18,20.0,13.3,26.7,Maintain standard balanced ration; ensure clean water and routine mineral mixture.
motu,Draft/Working Bullock,326.2,82,0.0,3.5,Medium,Lumpy Skin Disease,6.26,14.0,65.0,0.88,4.07,21.5,13.7,26.1,"Increase protein and add Vitamin A, D, E and zinc for skin healing and immunity; offer soft palatable feed if appetite is reduced; isolate from herd; ensure fly/vector control."
motu,Calf,55.7,5,0.0,2.3,Low,Normal,1.71,21.0,75.0,0.36,1.28,3.3,2.2,4.5,Maintain standard balanced ration; ensure clean water and routine mineral mixture.
motu,Draft/Working Bullock,294.3,137,0.0,2.9,Low,Normal,6.71,11.5,59.8,0.77,4.01,17.7,11.8,23.5,Maintain standard balanced ration; ensure clean water and routine mineral mixture.
motu,Calf,57.9,5,0.0,2.5,Medium,FMD,1.25,21.0,75.0,0.26,0.94,3.6,2.4,4.6,Offer soft/gruel feed (mouth lesions reduce chewing) split into more frequent small meals; add electrolytes and energy-dense concentrate; isolate animal; consult vet for antiviral/supportive care.
motu,Calf,68.6,2,0.0,3.1,High,Normal,2.22,20.0,72.0,0.44,1.6,4.1,2.7,10.5,Maintain standard balanced ration; ensure clean water and routine mineral mixture.
motu,Dairy Dry,339.7,94,0.0,2.7,High,Normal,8.07,12.5,60.0,1.01,4.84,20.4,13.6,32.2,Maintain standard balanced ration; ensure clean water and routine mineral mixture.
motu,Calf,58.9,3,0.0,3.1,Medium,Normal,1.77,20.0,72.0,0.35,1.27,3.5,2.4,4.7,Maintain standard balanced ration; ensure clean water and routine mineral mixture.
motu,Breeding Bull,307.0,101,0.0,3.7,High,Normal,7.63,13.0,62.0,0.99,4.73,18.4,12.3,29.6,Maintain standard balanced ration; ensure clean water and routine mineral mixture.
motu,Growing/Heifer,108.9,20,0.0,2.6,Low,Ringworm,2.56,15.5,65.0,0.4,1.66,7.5,4.8,8.7,"Add biotin, zinc and Vitamin A/E supplementation for skin and coat health; maintain hygiene of housing; mild protein boost aids skin recovery; topical antifungal treatment as advised by vet."
motu,Breeding Bull,286.2,45,0.0,4.2,Low,Ringworm,5.52,13.0,60.0,0.72,3.31,19.7,12.6,22.9,"Add biotin, zinc and Vitamin A/E supplementation for skin and coat health; maintain hygiene of housing; mild protein boost aids skin recovery; topical antifungal treatment as advised by vet."
motu,Draft/Working Bullock,255.9,45,0.0,3.9,Medium,Lumpy Skin Disease,4.91,14.0,65.0,0.69,3.19,16.9,10.7,20.5,"Increase protein and add Vitamin A, D, E and zinc for skin healing and immunity; offer soft palatable feed if appetite is reduced; isolate from herd; ensure fly/vector control."
motu,Dairy Lactating,259.9,79,4.6,3.8,Low,Ringworm,8.28,17.8,70.7,1.47,5.85,36.4,22.6,34.6,"Add biotin, zinc and Vitamin A/E supplementation for skin and coat health; maintain hygiene of housing; mild protein boost aids skin recovery; topical antifungal treatment as advised by vet."
motu,Calf,40.6,1,0.0,2.9,Low,Lumpy Skin Disease,1.0,22.5,74.0,0.23,0.74,2.7,1.7,3.2,"Increase protein and add Vitamin A, D, E and zinc for skin healing and immunity; offer soft palatable feed if appetite is reduced; isolate from herd; ensure fly/vector control."
motu,Dairy Dry,276.9,44,0.0,3.0,Medium,Normal,6.09,12.5,60.0,0.76,3.65,16.6,11.1,22.2,Maintain standard balanced ration; ensure clean water and routine mineral mixture.
motu,Calf,59.5,4,0.0,2.0,Low,FMD,1.32,22.0,78.0,0.29,1.03,3.7,2.5,4.8,Offer soft/gruel feed (mouth lesions reduce chewing) split into more frequent small meals; add electrolytes and energy-dense concentrate; isolate animal; consult vet for antiviral/supportive care.
motu,Calf,62.0,2,0.0,2.2,Low,Normal,1.91,21.0,75.0,0.4,1.43,3.7,2.5,5.0,Maintain standard balanced ration; ensure clean water and routine mineral mixture.
motu,Draft/Working Bullock,270.3,88,0.0,4.0,Medium,Ringworm,6.16,12.0,63.0,0.74,3.88,18.7,11.9,21.6,"Add biotin, zinc and Vitamin A/E supplementation for skin and coat health; maintain hygiene of housing; mild protein boost aids skin recovery; topical antifungal treatment as advised by vet."
motu,Growing/Heifer,253.0,24,0.0,2.8,Low,Lumpy Skin Disease,5.0,17.5,67.0,0.88,3.35,16.7,10.6,20.2,"Increase protein and add Vitamin A, D, E and zinc for skin healing and immunity; offer soft palatable feed if appetite is reduced; isolate from herd; ensure fly/vector control."
motu,Breeding Bull,323.2,61,0.0,3.1,High,Normal,8.03,13.0,62.0,1.04,4.98,19.4,12.9,30.9,Maintain standard balanced ration; ensure clean water and routine mineral mixture.
nagori,Dairy Lactating,338.0,117,7.4,3.3,Medium,Normal,12.36,17.4,71.1,2.15,8.79,46.2,29.8,49.2,Maintain standard balanced ration; ensure clean water and routine mineral mixture.
nagori,Calf,72.1,2,0.0,2.5,Low,Normal,2.05,20.0,72.0,0.41,1.48,4.3,2.9,5.8,Maintain standard balanced ration; ensure clean water and routine mineral mixture.
nagori,Growing/Heifer,290.7,24,0.0,2.3,Medium,Lumpy Skin Disease,6.53,18.5,70.0,1.21,4.57,19.2,12.2,23.3,"Increase protein and add Vitamin A, D, E and zinc for skin healing and immunity; offer soft palatable feed if appetite is reduced; isolate from herd; ensure fly/vector control."
nagori,Draft/Working Bullock,363.5,67,0.0,4.0,High,Normal,9.42,11.5,72.4,1.08,6.82,21.8,14.5,34.1,Maintain standard balanced ration; ensure clean water and routine mineral mixture.
nagori,Draft/Working Bullock,334.2,65,0.0,3.2,High,Normal,8.66,11.5,72.4,1.0,6.27,20.1,13.4,31.7,Maintain standard balanced ration; ensure clean water and routine mineral mixture.
nagori,Draft/Working Bullock,364.6,41,0.0,2.5,High,Ringworm,8.98,12.0,72.4,1.08,6.5,25.2,16.0,34.2,"Add biotin, zinc and Vitamin A/E supplementation for skin and coat health; maintain hygiene of housing; mild protein boost aids skin recovery; topical antifungal treatment as advised by vet."
nagori,Draft/Working Bullock,341.3,46,0.0,3.8,High,Lumpy Skin Disease,7.08,14.0,74.8,0.99,5.3,22.5,14.3,32.3,"Increase protein and add Vitamin A, D, E and zinc for skin healing and immunity; offer soft palatable feed if appetite is reduced; isolate from herd; ensure fly/vector control."
nagori,Breeding Bull,415.6,34,0.0,3.1,Low,Lumpy Skin Disease,7.26,15.5,64.0,1.13,4.65,27.4,17.5,33.2,"Increase protein and add Vitamin A, D, E and zinc for skin healing and immunity; offer soft palatable feed if appetite is reduced; isolate from herd; ensure fly/vector control."
nagori,Draft/Working Bullock,367.2,80,0.0,3.0,High,Lumpy Skin Disease,7.61,14.0,74.8,1.07,5.69,24.2,15.4,34.4,"Increase protein and add Vitamin A, D, E and zinc for skin healing and immunity; offer soft palatable feed if appetite is reduced; isolate from herd; ensure fly/vector control."
nagori,Dairy Lactating,317.7,79,9.6,3.4,Low,Normal,11.79,17.6,71.4,2.08,8.42,52.7,33.8,54.2,Maintain standard balanced ration; ensure clean water and routine mineral mixture.
nagori,Growing/Heifer,132.4,21,0.0,3.1,Medium,Lumpy Skin Disease,2.75,17.5,67.0,0.48,1.84,8.7,5.6,10.6,"Increase protein and add Vitamin A, D, E and zinc for skin healing and immunity; offer soft palatable feed if appetite is reduced; isolate from herd; ensure fly/vector control."
nagori,Growing/Heifer,245.3,9,0.0,3.2,Low,Ringworm,5.76,15.5,65.0,0.89,3.74,16.9,10.8,19.6,"Add biotin, zinc and Vitamin A/E supplementation for skin and coat health; maintain hygiene of housing; mild protein boost aids skin recovery; topical antifungal treatment as advised by vet."
nagori,Dairy Lactating,328.1,34,10.9,3.4,Low,Normal,12.46,17.7,71.6,2.21,8.92,57.8,37.1,58.9,Maintain standard balanced ration; ensure clean water and routine mineral mixture.
nagori,Draft/Working Bullock,311.1,74,0.0,2.9,High,Normal,8.06,11.5,72.4,0.93,5.84,18.7,12.4,29.9,Maintain standard balanced ration; ensure clean water and routine mineral mixture.
nagori,Growing/Heifer,117.7,12,0.0,2.1,Low,FMD,2.26,17.0,71.0,0.38,1.6,7.4,4.9,9.4,Offer soft/gruel feed (mouth lesions reduce chewing) split into more frequent small meals; add electrolytes and energy-dense concentrate; isolate animal; consult vet for antiviral/supportive care.
nagori,Growing/Heifer,210.1,23,0.0,3.3,Low,Ringworm,4.93,15.5,65.0,0.76,3.2,14.5,9.2,16.8,"Add biotin, zinc and Vitamin A/E supplementation for skin and coat health; maintain hygiene of housing; mild protein boost aids skin recovery; topical antifungal treatment as advised by vet."
nagori,Draft/Working Bullock,361.4,92,0.0,3.5,High,Normal,9.37,11.5,72.4,1.08,6.78,21.7,14.5,33.9,Maintain standard balanced ration; ensure clean water and routine mineral mixture.
nagori,Dairy Dry,367.3,112,0.0,3.5,High,Normal,8.73,12.5,60.0,1.09,5.24,22.0,14.7,34.4,Maintain standard balanced ration; ensure clean water and routine mineral mixture.
nagori,Dairy Dry,312.2,65,0.0,3.3,Medium,Normal,6.87,12.5,60.0,0.86,4.12,18.7,12.5,25.0,Maintain standard balanced ration; ensure clean water and routine mineral mixture.
nagori,Calf,44.6,6,0.0,2.6,Low,Normal,1.27,20.0,72.0,0.25,0.91,2.7,1.8,3.6,Maintain standard balanced ration; ensure clean water and routine mineral mixture.
nagori,Growing/Heifer,136.7,17,0.0,2.0,Medium,Ringworm,3.65,16.5,68.0,0.6,2.48,9.4,6.0,10.9,"Add biotin, zinc and Vitamin A/E supplementation for skin and coat health; maintain hygiene of housing; mild protein boost aids skin recovery; topical antifungal treatment as advised by vet."
nagori,Dairy Dry,391.7,39,0.0,2.8,Medium,Normal,8.62,12.5,60.0,1.08,5.17,23.5,15.7,31.3,Maintain standard balanced ration; ensure clean water and routine mineral mixture.
nagori,Draft/Working Bullock,302.8,36,0.0,3.1,Low,Lumpy Skin Disease,5.52,14.0,61.8,0.77,3.41,20.0,12.7,24.2,"Increase protein and add Vitamin A, D, E and zinc for skin healing and immunity; offer soft palatable feed if appetite is reduced; isolate from herd; ensure fly/vector control."
nagori,Dairy Lactating,324.7,62,7.9,3.9,High,Lumpy Skin Disease,10.46,20.0,73.2,2.09,7.66,51.8,31.9,54.7,"Increase protein and add Vitamin A, D, E and zinc for skin healing and immunity; offer soft palatable feed if appetite is reduced; isolate from herd; ensure fly/vector control."
ponwar,Breeding Bull,226.1,125,0.0,3.9,Medium,Normal,5.2,13.0,62.0,0.68,3.22,13.6,9.0,18.1,Maintain standard balanced ration; ensure clean water and routine mineral mixture.
ponwar,Dairy Dry,212.5,104,0.0,4.0,High,Normal,5.05,12.5,60.0,0.63,3.03,12.8,8.5,22.0,Maintain standard balanced ration; ensure clean water and routine mineral mixture.
ponwar,Draft/Working Bullock,278.3,32,0.0,2.6,High,Normal,7.21,11.5,72.4,0.83,5.22,16.7,11.1,27.3,Maintain standard balanced ration; ensure clean water and routine mineral mixture.
ponwar,Breeding Bull,246.9,104,0.0,3.1,Low,Lumpy Skin Disease,4.32,15.5,64.0,0.67,2.76,16.3,10.4,19.8,"Increase protein and add Vitamin A, D, E and zinc for skin healing and immunity; offer soft palatable feed if appetite is reduced; isolate from herd; ensure fly/vector control."
ponwar,Dairy Dry,261.7,42,0.0,3.1,High,Lumpy Skin Disease,4.97,15.0,62.0,0.75,3.08,17.3,11.0,25.9,"Increase protein and add Vitamin A, D, E and zinc for skin healing and immunity; offer soft palatable feed if appetite is reduced; isolate from herd; ensure fly/vector control."
ponwar,Breeding Bull,262.4,25,0.0,3.6,Medium,Normal,6.04,13.0,62.0,0.79,3.74,15.7,10.5,21.0,Maintain standard balanced ration; ensure clean water and routine mineral mixture.
ponwar,Draft/Working Bullock,278.3,110,0.0,3.2,Medium,Normal,6.68,11.5,63.0,0.77,4.21,16.7,11.1,22.3,Maintain standard balanced ration; ensure clean water and routine mineral mixture.
ponwar,Calf,38.7,1,0.0,3.2,Low,FMD,1.0,21.0,75.0,0.21,0.75,2.4,1.6,3.1,Offer soft/gruel feed (mouth lesions reduce chewing) split into more frequent small meals; add electrolytes and energy-dense concentrate; isolate animal; consult vet for antiviral/supportive care.
ponwar,Draft/Working Bullock,225.6,89,0.0,3.1,High,Normal,5.85,11.5,72.4,0.67,4.24,13.5,9.0,23.0,Maintain standard balanced ration; ensure clean water and routine mineral mixture.
ponwar,Growing/Heifer,137.8,11,0.0,2.5,Medium,Ringworm,3.4,15.5,65.0,0.53,2.21,9.5,6.1,11.0,"Add biotin, zinc and Vitamin A/E supplementation for skin and coat health; maintain hygiene of housing; mild protein boost aids skin recovery; topical antifungal treatment as advised by vet."
ponwar,Dairy Lactating,258.4,69,6.7,2.3,Medium,FMD,7.59,19.4,77.0,1.47,5.84,40.9,26.3,40.8,Offer soft/gruel feed (mouth lesions reduce chewing) split into more frequent small meals; add electrolytes and energy-dense concentrate; isolate animal; consult vet for antiviral/supportive care.
ponwar,Dairy Lactating,297.0,77,7.5,3.3,Low,Normal,10.6,17.4,71.1,1.84,7.54,44.1,28.4,46.3,Maintain standard balanced ration; ensure clean water and routine mineral mixture.
ponwar,Breeding Bull,249.3,30,0.0,3.3,High,Lumpy Skin Disease,4.95,15.5,64.0,0.77,3.17,16.5,10.5,24.9,"Increase protein and add Vitamin A, D, E and zinc for skin healing and immunity; offer soft palatable feed if appetite is reduced; isolate from herd; ensure fly/vector control."
ponwar,Dairy Lactating,266.8,54,7.7,4.0,Medium,Normal,10.31,17.5,71.2,1.8,7.34,43.0,27.6,44.4,Maintain standard balanced ration; ensure clean water and routine mineral mixture.
ponwar,Breeding Bull,323.7,96,0.0,3.6,Low,Normal,7.07,13.0,62.0,0.92,4.38,19.4,12.9,25.9,Maintain standard balanced ration; ensure clean water and routine mineral mixture.
ponwar,Calf,26.1,4,0.0,2.3,Low,FMD,1.0,22.0,78.0,0.22,0.78,1.6,1.1,2.1,Offer soft/gruel feed (mouth lesions reduce chewing) split into more frequent small meals; add electrolytes and energy-dense concentrate; isolate animal; consult vet for antiviral/supportive care.
ponwar,Growing/Heifer,190.1,22,0.0,2.5,Medium,Normal,4.94,15.0,65.0,0.74,3.21,11.4,7.6,15.2,Maintain standard balanced ration; ensure clean water and routine mineral mixture.
ponwar,Growing/Heifer,102.7,7,0.0,2.0,Low,Normal,2.74,16.0,68.0,0.44,1.86,6.2,4.1,8.2,Maintain standard balanced ration; ensure clean water and routine mineral mixture.
ponwar,Growing/Heifer,74.6,18,0.0,2.3,Low,Ringworm,1.89,16.5,68.0,0.31,1.29,5.1,3.3,6.0,"Add biotin, zinc and Vitamin A/E supplementation for skin and coat health; maintain hygiene of housing; mild protein boost aids skin recovery; topical antifungal treatment as advised by vet."
ponwar,Draft/Working Bullock,234.0,46,0.0,3.3,Medium,Normal,5.62,11.5,63.0,0.65,3.54,14.0,9.4,18.7,Maintain standard balanced ration; ensure clean water and routine mineral mixture.
ponwar,Dairy Lactating,202.1,42,5.8,2.8,Medium,Normal,7.8,17.3,70.9,1.35,5.53,32.4,20.8,33.6,Maintain standard balanced ration; ensure clean water and routine mineral mixture.
ponwar,Growing/Heifer,126.2,16,0.0,2.6,Low,Normal,3.12,15.0,65.0,0.47,2.03,7.6,5.0,10.1,Maintain standard balanced ration; ensure clean water and routine mineral mixture.
ponwar,Breeding Bull,290.7,79,0.0,3.2,High,Lumpy Skin Disease,5.78,15.5,64.0,0.9,3.7,19.2,12.2,28.3,"Increase protein and add Vitamin A, D, E and zinc for skin healing and immunity; offer soft palatable feed if appetite is reduced; isolate from herd; ensure fly/vector control."
ponwar,Growing/Heifer,119.0,24,0.0,2.9,High,Normal,3.34,15.0,65.0,0.5,2.17,7.1,4.8,14.5,Maintain standard balanced ration; ensure clean water and routine mineral mixture.
siri,Calf,57.0,5,0.0,2.4,Low,Normal,1.75,21.0,75.0,0.37,1.31,3.4,2.3,4.6,Maintain standard balanced ration; ensure clean water and routine mineral mixture.
siri,Draft/Working Bullock,278.0,125,0.0,2.7,High,FMD,5.19,12.5,75.9,0.65,3.94,17.5,11.7,27.2,Offer soft/gruel feed (mouth lesions reduce chewing) split into more frequent small meals; add electrolytes and energy-dense concentrate; isolate animal; consult vet for antiviral/supportive care.
siri,Dairy Dry,322.7,56,0.0,3.7,Medium,FMD,5.11,13.5,63.0,0.69,3.22,20.3,13.6,25.8,Offer soft/gruel feed (mouth lesions reduce chewing) split into more frequent small meals; add electrolytes and energy-dense concentrate; isolate animal; consult vet for antiviral/supportive care.
siri,Growing/Heifer,170.9,23,0.0,3.1,Medium,Normal,4.44,15.0,65.0,0.67,2.89,10.3,6.8,13.7,Maintain standard balanced ration; ensure clean water and routine mineral mixture.
siri,Growing/Heifer,192.1,17,0.0,2.7,High,Normal,5.39,15.0,65.0,0.81,3.5,11.5,7.7,20.4,Maintain standard balanced ration; ensure clean water and routine mineral mixture.
siri,Breeding Bull,351.0,75,0.0,4.0,Low,Ringworm,7.29,13.5,62.0,0.98,4.52,24.2,15.4,28.1,"Add biotin, zinc and Vitamin A/E supplementation for skin and coat health; maintain hygiene of housing; mild protein boost aids skin recovery; topical antifungal treatment as advised by vet."
siri,Dairy Dry,289.6,60,0.0,3.0,High,FMD,4.95,13.5,63.0,0.67,3.12,18.2,12.2,28.2,Offer soft/gruel feed (mouth lesions reduce chewing) split into more frequent small meals; add electrolytes and energy-dense concentrate; isolate animal; consult vet for antiviral/supportive care.
siri,Dairy Lactating,305.1,62,5.4,2.2,Medium,Normal,11.63,18.3,73.8,2.13,8.58,37.2,24.1,40.6,Maintain standard balanced ration; ensure clean water and routine mineral mixture.
siri,Breeding Bull,324.2,29,0.0,3.6,Medium,Normal,7.46,13.0,62.0,0.97,4.63,19.5,13.0,25.9,Maintain standard balanced ration; ensure clean water and routine mineral mixture.
siri,Dairy Dry,277.3,70,0.0,2.5,Medium,Normal,6.1,12.5,60.0,0.76,3.66,16.6,11.1,22.2,Maintain standard balanced ration; ensure clean water and routine mineral mixture.
siri,Calf,64.0,3,0.0,2.8,Low,Normal,1.82,20.0,72.0,0.36,1.31,3.8,2.6,5.1,Maintain standard balanced ration; ensure clean water and routine mineral mixture.
siri,Dairy Lactating,259.8,59,4.3,2.1,Low,Normal,9.32,18.3,73.6,1.71,6.86,30.6,19.9,33.7,Maintain standard balanced ration; ensure clean water and routine mineral mixture.
siri,Dairy Lactating,280.3,62,8.8,3.4,Low,Lumpy Skin Disease,8.4,20.0,73.3,1.68,6.16,52.4,32.1,48.8,"Increase protein and add Vitamin A, D, E and zinc for skin healing and immunity; offer soft palatable feed if appetite is reduced; isolate from herd; ensure fly/vector control."
siri,Growing/Heifer,179.3,24,0.0,2.4,High,Lumpy Skin Disease,4.35,18.5,70.0,0.8,3.04,11.8,7.5,19.3,"Increase protein and add Vitamin A, D, E and zinc for skin healing and immunity; offer soft palatable feed if appetite is reduced; isolate from herd; ensure fly/vector control."
siri,Dairy Dry,332.2,81,0.0,3.6,Low,FMD,5.0,13.5,63.0,0.68,3.15,20.9,14.0,26.6,Offer soft/gruel feed (mouth lesions reduce chewing) split into more frequent small meals; add electrolytes and energy-dense concentrate; isolate animal; consult vet for antiviral/supportive care.
siri,Growing/Heifer,142.2,19,0.0,2.3,Low,FMD,2.73,17.0,71.0,0.46,1.94,9.0,6.0,11.4,Offer soft/gruel feed (mouth lesions reduce chewing) split into more frequent small meals; add electrolytes and energy-dense concentrate; isolate animal; consult vet for antiviral/supportive care.
siri,Breeding Bull,333.1,120,0.0,3.5,Low,Lumpy Skin Disease,5.82,15.5,64.0,0.9,3.72,22.0,14.0,26.6,"Increase protein and add Vitamin A, D, E and zinc for skin healing and immunity; offer soft palatable feed if appetite is reduced; isolate from herd; ensure fly/vector control."
siri,Dairy Dry,344.2,128,0.0,3.1,Medium,Ringworm,7.19,13.0,60.0,0.93,4.31,23.7,15.1,27.5,"Add biotin, zinc and Vitamin A/E supplementation for skin and coat health; maintain hygiene of housing; mild protein boost aids skin recovery; topical antifungal treatment as advised by vet."
siri,Calf,39.3,3,0.0,2.5,Medium,Normal,1.18,20.0,72.0,0.24,0.85,2.4,1.6,3.1,Maintain standard balanced ration; ensure clean water and routine mineral mixture.
siri,Draft/Working Bullock,285.5,130,0.0,2.8,High,Lumpy Skin Disease,5.92,14.0,74.8,0.83,4.43,18.8,12.0,27.8,"Increase protein and add Vitamin A, D, E and zinc for skin healing and immunity; offer soft palatable feed if appetite is reduced; isolate from herd; ensure fly/vector control."
siri,Draft/Working Bullock,280.0,92,0.0,3.4,High,Normal,7.26,11.5,72.4,0.83,5.26,16.8,11.2,27.4,Maintain standard balanced ration; ensure clean water and routine mineral mixture.
siri,Growing/Heifer,258.9,11,0.0,2.9,Medium,Ringworm,6.39,15.5,65.0,0.99,4.15,17.9,11.4,20.7,"Add biotin, zinc and Vitamin A/E supplementation for skin and coat health; maintain hygiene of housing; mild protein boost aids skin recovery; topical antifungal treatment as advised by vet."
siri,Breeding Bull,358.7,74,0.0,3.6,Medium,Normal,8.25,13.0,62.0,1.07,5.12,21.5,14.3,28.7,Maintain standard balanced ration; ensure clean water and routine mineral mixture.
siri,Calf,52.3,3,0.0,3.3,Low,Normal,1.49,20.0,72.0,0.3,1.07,3.1,2.1,4.2,Maintain standard balanced ration; ensure clean water and routine mineral mixture.
thutho,Breeding Bull,224.2,46,0.0,3.7,Low,Normal,4.9,13.0,62.0,0.64,3.04,13.5,9.0,17.9,Maintain standard balanced ration; ensure clean water and routine mineral mixture.
thutho,Dairy Dry,220.6,66,0.0,2.9,Medium,Normal,4.85,12.5,60.0,0.61,2.91,13.2,8.8,17.6,Maintain standard balanced ration; ensure clean water and routine mineral mixture.
thutho,Dairy Lactating,201.1,96,4.3,3.8,Medium,Ringworm,6.96,17.8,70.6,1.24,4.91,31.2,19.3,29.0,"Add biotin, zinc and Vitamin A/E supplementation for skin and coat health; maintain hygiene of housing; mild protein boost aids skin recovery; topical antifungal treatment as advised by vet."
thutho,Growing/Heifer,141.9,24,0.0,2.6,High,Normal,3.98,15.0,65.0,0.6,2.59,8.5,5.7,16.4,Maintain standard balanced ration; ensure clean water and routine mineral mixture.
thutho,Growing/Heifer,141.7,16,0.0,2.7,Medium,Ringworm,3.5,15.5,65.0,0.54,2.27,9.8,6.2,11.3,"Add biotin, zinc and Vitamin A/E supplementation for skin and coat health; maintain hygiene of housing; mild protein boost aids skin recovery; topical antifungal treatment as advised by vet."
thutho,Breeding Bull,276.0,49,0.0,3.4,Low,Normal,6.03,13.0,62.0,0.78,3.74,16.6,11.0,22.1,Maintain standard balanced ration; ensure clean water and routine mineral mixture.
thutho,Calf,40.8,4,0.0,2.5,Low,Normal,1.16,20.0,72.0,0.23,0.84,2.4,1.6,3.3,Maintain standard balanced ration; ensure clean water and routine mineral mixture.
thutho,Dairy Dry,203.9,103,0.0,2.6,Medium,Ringworm,4.26,13.0,60.0,0.55,2.56,14.1,9.0,16.3,"Add biotin, zinc and Vitamin A/E supplementation for skin and coat health; maintain hygiene of housing; mild protein boost aids skin recovery; topical antifungal treatment as advised by vet."
thutho,Dairy Lactating,284.3,119,8.8,2.8,High,Lumpy Skin Disease,9.65,20.0,73.3,1.93,7.07,52.6,32.3,54.1,"Increase protein and add Vitamin A, D, E and zinc for skin healing and immunity; offer soft palatable feed if appetite is reduced; isolate from herd; ensure fly/vector control."
thutho,Dairy Dry,218.0,61,0.0,3.4,Medium,Normal,4.8,12.5,60.0,0.6,2.88,13.1,8.7,17.4,Maintain standard balanced ration; ensure clean water and routine mineral mixture.
thutho,Draft/Working Bullock,269.9,47,0.0,2.6,High,Normal,7.0,11.5,72.4,0.81,5.07,16.2,10.8,26.6,Maintain standard balanced ration; ensure clean water and routine mineral mixture.
thutho,Growing/Heifer,178.4,15,0.0,3.0,Low,Lumpy Skin Disease,3.53,17.5,67.0,0.62,2.37,11.8,7.5,14.3,"Increase protein and add Vitamin A, D, E and zinc for skin healing and immunity; offer soft palatable feed if appetite is reduced; isolate from herd; ensure fly/vector control."
thutho,Growing/Heifer,142.1,22,0.0,2.2,Medium,Lumpy Skin Disease,3.19,18.5,70.0,0.59,2.23,9.4,6.0,11.4,"Increase protein and add Vitamin A, D, E and zinc for skin healing and immunity; offer soft palatable feed if appetite is reduced; isolate from herd; ensure fly/vector control."
thutho,Breeding Bull,295.0,122,0.0,3.2,Low,Normal,6.45,13.0,62.0,0.84,4.0,17.7,11.8,23.6,Maintain standard balanced ration; ensure clean water and routine mineral mixture.
thutho,Calf,46.2,1,0.0,2.7,Low,Normal,1.32,20.0,72.0,0.26,0.95,2.8,1.8,3.7,Maintain standard balanced ration; ensure clean water and routine mineral mixture.
thutho,Growing/Heifer,82.2,19,0.0,3.1,Low,FMD,1.46,16.0,68.0,0.23,0.99,5.2,3.5,6.6,Offer soft/gruel feed (mouth lesions reduce chewing) split into more frequent small meals; add electrolytes and energy-dense concentrate; isolate animal; consult vet for antiviral/supportive care.
thutho,Dairy Dry,246.1,92,0.0,2.6,Medium,Lumpy Skin Disease,4.33,15.0,62.0,0.65,2.68,16.2,10.3,19.7,"Increase protein and add Vitamin A, D, E and zinc for skin healing and immunity; offer soft palatable feed if appetite is reduced; isolate from herd; ensure fly/vector control."
thutho,Dairy Dry,247.1,47,0.0,2.9,Low,Lumpy Skin Disease,4.13,15.0,62.0,0.62,2.56,16.3,10.4,19.8,"Increase protein and add Vitamin A, D, E and zinc for skin healing and immunity; offer soft palatable feed if appetite is reduced; isolate from herd; ensure fly/vector control."
thutho,Breeding Bull,221.8,36,0.0,4.1,Low,FMD,3.25,13.5,63.0,0.44,2.05,14.0,9.3,17.7,Offer soft/gruel feed (mouth lesions reduce chewing) split into more frequent small meals; add electrolytes and energy-dense concentrate; isolate animal; consult vet for antiviral/supportive care.
thutho,Calf,32.2,6,0.0,2.3,Medium,Ringworm,1.0,21.5,75.0,0.21,0.75,2.2,1.4,2.6,"Add biotin, zinc and Vitamin A/E supplementation for skin and coat health; maintain hygiene of housing; mild protein boost aids skin recovery; topical antifungal treatment as advised by vet."
thutho,Breeding Bull,246.0,51,0.0,4.0,Medium,FMD,4.07,14.0,65.0,0.57,2.65,15.5,10.3,19.7,Offer soft/gruel feed (mouth lesions reduce chewing) split into more frequent small meals; add electrolytes and energy-dense concentrate; isolate animal; consult vet for antiviral/supportive care.
thutho,Draft/Working Bullock,210.3,138,0.0,3.5,High,FMD,3.92,12.5,75.9,0.49,2.98,13.2,8.8,21.8,Offer soft/gruel feed (mouth lesions reduce chewing) split into more frequent small meals; add electrolytes and energy-dense concentrate; isolate animal; consult vet for antiviral/supportive care.
thutho,Calf,52.8,4,0.0,2.6,Low,Normal,1.5,20.0,72.0,0.3,1.08,3.2,2.1,4.2,Maintain standard balanced ration; ensure clean water and routine mineral mixture.
thutho,Dairy Dry,298.9,33,0.0,3.0,Low,FMD,4.5,13.5,63.0,0.61,2.83,18.8,12.6,23.9,Offer soft/gruel feed (mouth lesions reduce chewing) split into more frequent small meals; add electrolytes and energy-dense concentrate; isolate animal; consult vet for antiviral/supportive care.
